cluster_id,action,unixTimeMS,timestamp,date,cluster_name,driver_node_type,node_type,num_workers,autoscale,auto_termination_minutes,enable_elastic_disk,cluster_log_conf,init_scripts,custom_tags,cluster_source,spark_env_vars,spark_conf,acl_path_prefix,instance_pool_id,spark_version,idempotency_token,organization_id,deleted_by,created_by,last_edited_by
1208-100613-feet295,create,1607421974000,2020-12-08T10:06:14.000+0000,2020-12-08,Test SignalFX integration,null,Standard_DS3_v2,2,null,60,null,"{""dbfs"":{""destination"":""dbfs:/cluster-logs""}}","[{""dbfs"":{""destination"":""dbfs:/user/alexey.ott@databricks.com/files/signalfx-init-script.sh""}}]",null,null,null,null,null,null,7.3.x-scala2.12,16074219730240g8embza,null,null,alexey.ott@databricks.com,null
1208-100613-feet295,edit,1607422558000,2020-12-08T10:15:58.000+0000,2020-12-08,Test SignalFX integration,Standard_DS3_v2,Standard_DS3_v2,2,null,60,true,"{""dbfs"":{""destination"":""dbfs:/cluster-logs""}}","[{""dbfs"":{""destination"":""dbfs:/FileStore/init-scripts/signalfx-init-script.sh""}}]",null,null,null,"{""spark.databricks.delta.preview.enabled"":""true""}",null,null,7.3.x-scala2.12,null,null,null,alexey.ott@databricks.com,alexey.ott@databricks.com
1207-123249-dines548,create,1607344369000,2020-12-07T12:32:49.000+0000,2020-12-07,job-48-run-3,null,Standard_DS3_v2,null,"{""min_workers"":1,""max_workers"":2}",0,true,null,null,"{""JobId"":""48"",""RunName"":""Overwatch""}",null,null,"{""spark.databricks.delta.preview.enabled"":""true""}",/clusters/jobs/48/,null,6.4.x-scala2.11,jobs/job-48-run-3-attempt-1,2222170229861029,null,JobsService,null
1207-122627-viand415,create,1607343987000,2020-12-07T12:26:27.000+0000,2020-12-07,job-48-run-2,null,Standard_DS3_v2,null,"{""min_workers"":1,""max_workers"":2}",0,true,null,null,"{""JobId"":""48"",""RunName"":""Overwatch""}",null,null,"{""spark.databricks.delta.preview.enabled"":""true""}",/clusters/jobs/48/,null,6.4.x-scala2.11,jobs/job-48-run-2-attempt-1,2222170229861029,null,JobsService,null
1207-122036-sumac310,create,1607343636000,2020-12-07T12:20:36.000+0000,2020-12-07,job-48-run-1,null,Standard_DS3_v2,null,"{""min_workers"":1,""max_workers"":2}",0,null,null,null,"{""JobId"":""48"",""RunName"":""Overwatch""}",null,null,null,/clusters/jobs/48/,null,6.4.x-scala2.11,jobs/job-48-run-1-attempt-1,2222170229861029,null,JobsService,null
1215-150755-sieve313,create,1608044875000,2020-12-15T15:07:55.000+0000,2020-12-15,job-51-run-4,null,Standard_DS3_v2,1,null,0,true,"{""dbfs"":{""destination"":""dbfs:/cluster-logs""}}",null,"{""JobId"":""51"",""RunName"":""test_automated""}",null,"{""PYSPARK_PYTHON"":""/databricks/python3/bin/python3""}","{""spark.databricks.delta.preview.enabled"":""true""}",/clusters/jobs/51/,null,7.4.x-scala2.12,jobs/job-51-run-4-attempt-1,2222170229861029,null,JobsService,null
1215-212108-cawed654,create,1608067268000,2020-12-15T21:21:08.000+0000,2020-12-15,job-51-run-10,null,Standard_DS3_v2,1,null,0,true,"{""dbfs"":{""destination"":""dbfs:/cluster-logs""}}",null,"{""JobId"":""51"",""RunName"":""test_automated"",""custom"":""my_custom""}",null,null,"{""spark.databricks.delta.preview.enabled"":""true""}",/clusters/jobs/51/,null,6.4.x-scala2.11,jobs/job-51-run-10-attempt-1,2222170229861029,null,JobsService,null
1214-201848-guns578,create,1607977128000,2020-12-14T20:18:48.000+0000,2020-12-14,job-51-run-2,null,Standard_DS3_v2,1,null,0,true,null,null,"{""JobId"":""51"",""RunName"":""test_automated""}",null,"{""PYSPARK_PYTHON"":""/databricks/python3/bin/python3""}","{""spark.databricks.delta.preview.enabled"":""true""}",/clusters/jobs/51/,null,7.4.x-scala2.12,jobs/job-51-run-2-attempt-1,2222170229861029,null,JobsService,null
1215-194113-said506,create,1608061273000,2020-12-15T19:41:13.000+0000,2020-12-15,IW,null,Standard_DS3_v2,null,"{""min_workers"":2,""max_workers"":8}",120,null,null,null,null,null,"{""PYSPARK_PYTHON"":""/databricks/python3/bin/python3""}",null,null,null,7.4.x-scala2.12,160806127189303n0bftl,null,null,itai.weiss@databricks.com,null
1215-220005-gums976,create,1608069605000,2020-12-15T22:00:05.000+0000,2020-12-15,job-49-run-4,null,Standard_DS3_v2,null,"{""min_workers"":1,""max_workers"":2}",0,true,null,null,"{""JobId"":""49"",""RunName"":""Overwatch""}",null,null,"{""spark.databricks.delta.preview.enabled"":""true""}",/clusters/jobs/49/,null,6.4.x-scala2.11,jobs/job-49-run-4-attempt-1,2222170229861029,null,JobsService,null
1215-150808-bank327,create,1608044889000,2020-12-15T15:08:09.000+0000,2020-12-15,job-51-run-5,null,Standard_DS3_v2,1,null,0,true,"{""dbfs"":{""destination"":""dbfs:/cluster-logs""}}",null,"{""JobId"":""51"",""RunName"":""test_automated""}",null,null,"{""spark.databricks.delta.preview.enabled"":""true""}",/clusters/jobs/51/,null,6.4.x-scala2.11,jobs/job-51-run-5-attempt-1,2222170229861029,null,JobsService,null
1215-150842-furl341,create,1608044922000,2020-12-15T15:08:42.000+0000,2020-12-15,job-51-run-6,null,Standard_DS3_v2,1,null,0,true,"{""dbfs"":{""destination"":""dbfs:/cluster-logs""}}",null,"{""JobId"":""51"",""RunName"":""test_automated"",""custom"":""my_custom""}",null,null,"{""spark.databricks.delta.preview.enabled"":""true""}",/clusters/jobs/51/,null,6.4.x-scala2.11,jobs/job-51-run-6-attempt-1,2222170229861029,null,JobsService,null
1214-193020-dazes829,create,1607974220000,2020-12-14T19:30:20.000+0000,2020-12-14,job-51-run-1,null,Standard_DS3_v2,1,null,0,true,null,null,"{""JobId"":""51"",""RunName"":""test_automated""}",null,"{""PYSPARK_PYTHON"":""/databricks/python3/bin/python3""}","{""spark.databricks.delta.preview.enabled"":""true""}",/clusters/jobs/51/,null,7.4.x-scala2.12,jobs/job-51-run-1-attempt-1,2222170229861029,null,JobsService,null
1214-201853-tidal585,create,1607977133000,2020-12-14T20:18:53.000+0000,2020-12-14,job-51-run-3,null,Standard_DS3_v2,1,null,0,true,null,null,"{""JobId"":""51"",""RunName"":""test_automated""}",null,"{""PYSPARK_PYTHON"":""/databricks/python3/bin/python3""}","{""spark.databricks.delta.preview.enabled"":""true""}",/clusters/jobs/51/,null,7.4.x-scala2.12,jobs/job-51-run-3-attempt-1,2222170229861029,null,JobsService,null
1215-212031-belch647,create,1608067231000,2020-12-15T21:20:31.000+0000,2020-12-15,job-51-run-9,null,Standard_DS3_v2,1,null,0,true,"{""dbfs"":{""destination"":""dbfs:/cluster-logs""}}",null,"{""JobId"":""51"",""RunName"":""test_automated"",""custom"":""my_custom""}",null,null,"{""spark.databricks.delta.preview.enabled"":""true""}",/clusters/jobs/51/,null,6.4.x-scala2.11,jobs/job-51-run-9-attempt-1,2222170229861029,null,JobsService,null
1215-193241-arbor394,create,1608060761000,2020-12-15T19:32:41.000+0000,2020-12-15,job-51-run-8,null,Standard_DS3_v2,1,null,0,true,"{""dbfs"":{""destination"":""dbfs:/cluster-logs""}}",null,"{""JobId"":""51"",""RunName"":""test_automated"",""custom"":""my_custom""}",null,null,"{""spark.databricks.delta.preview.enabled"":""true""}",/clusters/jobs/51/,null,6.4.x-scala2.11,jobs/job-51-run-8-attempt-1,2222170229861029,null,JobsService,null
1215-193230-inset387,create,1608060751000,2020-12-15T19:32:31.000+0000,2020-12-15,job-51-run-7,null,Standard_DS3_v2,1,null,0,true,"{""dbfs"":{""destination"":""dbfs:/cluster-logs""}}",null,"{""JobId"":""51"",""RunName"":""test_automated"",""custom"":""my_custom""}",null,null,"{""spark.databricks.delta.preview.enabled"":""true""}",/clusters/jobs/51/,null,6.4.x-scala2.11,jobs/job-51-run-7-attempt-1,2222170229861029,null,JobsService,null
1214-220004-deal670,create,1607983204000,2020-12-14T22:00:04.000+0000,2020-12-14,job-49-run-3,null,Standard_DS3_v2,null,"{""min_workers"":1,""max_workers"":2}",0,true,null,null,"{""JobId"":""49"",""RunName"":""Overwatch""}",null,null,"{""spark.databricks.delta.preview.enabled"":""true""}",/clusters/jobs/49/,null,6.4.x-scala2.11,jobs/job-49-run-3-attempt-1,2222170229861029,null,JobsService,null
1216-220010-eddy78,create,1608156010000,2020-12-16T22:00:10.000+0000,2020-12-16,job-49-run-7,null,Standard_DS3_v2,null,"{""min_workers"":1,""max_workers"":2}",0,true,null,null,"{""JobId"":""49"",""RunName"":""Overwatch""}",null,null,"{""spark.databricks.delta.preview.enabled"":""true""}",/clusters/jobs/49/,null,6.4.x-scala2.11,jobs/job-49-run-7-attempt-1,2222170229861029,null,JobsService,null
1214-094334-idled281,create,1607939015000,2020-12-14T09:43:35.000+0000,2020-12-14,job-49-run-1,null,Standard_DS3_v2,null,"{""min_workers"":1,""max_workers"":2}",0,null,null,null,"{""JobId"":""49"",""RunName"":""Overwatch""}",null,null,null,/clusters/jobs/49/,null,6.4.x-scala2.11,jobs/job-49-run-1-attempt-1,2222170229861029,null,JobsService,null
1216-113106-torsi474,create,1608118266000,2020-12-16T11:31:06.000+0000,2020-12-16,job-49-run-6,null,Standard_DS3_v2,null,"{""min_workers"":1,""max_workers"":2}",0,true,null,null,"{""JobId"":""49"",""RunName"":""Overwatch""}",null,null,"{""spark.databricks.delta.preview.enabled"":""true""}",/clusters/jobs/49/,null,6.4.x-scala2.11,jobs/job-49-run-6-attempt-1,2222170229861029,null,JobsService,null
1216-095339-aerie416,create,1608112419000,2020-12-16T09:53:39.000+0000,2020-12-16,job-49-run-5,null,Standard_DS3_v2,null,"{""min_workers"":1,""max_workers"":2}",0,true,null,null,"{""JobId"":""49"",""RunName"":""Overwatch""}",null,null,"{""spark.databricks.delta.preview.enabled"":""true""}",/clusters/jobs/49/,null,6.4.x-scala2.11,jobs/job-49-run-5-attempt-1,2222170229861029,null,JobsService,null
1214-103202-gull317,create,1607941922000,2020-12-14T10:32:02.000+0000,2020-12-14,job-49-run-2,null,Standard_DS3_v2,null,"{""min_workers"":1,""max_workers"":2}",0,true,null,null,"{""JobId"":""49"",""RunName"":""Overwatch""}",null,null,"{""spark.databricks.delta.preview.enabled"":""true""}",/clusters/jobs/49/,null,6.4.x-scala2.11,jobs/job-49-run-2-attempt-1,2222170229861029,null,JobsService,null
1217-133630-greet656,create,1608212190000,2020-12-17T13:36:30.000+0000,2020-12-17,job-51-run-11,null,Standard_DS3_v2,1,null,0,true,"{""dbfs"":{""destination"":""dbfs:/cluster-logs""}}",null,"{""JobId"":""51"",""RunName"":""test_automated"",""custom"":""my_custom""}",null,null,"{""spark.databricks.delta.preview.enabled"":""true""}",/clusters/jobs/51/,null,6.4.x-scala2.11,jobs/job-51-run-11-attempt-1,2222170229861029,null,JobsService,null
1217-133635-cure663,create,1608212195000,2020-12-17T13:36:35.000+0000,2020-12-17,job-51-run-12,null,Standard_DS3_v2,1,null,0,true,"{""dbfs"":{""destination"":""dbfs:/cluster-logs""}}",null,"{""JobId"":""51"",""RunName"":""test_automated"",""custom"":""my_custom""}",null,null,"{""spark.databricks.delta.preview.enabled"":""true""}",/clusters/jobs/51/,null,6.4.x-scala2.11,jobs/job-51-run-12-attempt-1,2222170229861029,null,JobsService,null
1217-220020-lapse936,create,1608242421000,2020-12-17T22:00:21.000+0000,2020-12-17,job-49-run-8,null,Standard_DS3_v2,null,"{""min_workers"":1,""max_workers"":2}",0,true,null,null,"{""JobId"":""49"",""RunName"":""Overwatch""}",null,null,"{""spark.databricks.delta.preview.enabled"":""true""}",/clusters/jobs/49/,null,6.4.x-scala2.11,jobs/job-49-run-8-attempt-1,2222170229861029,null,JobsService,null
1218-220006-rode848,create,1608328806000,2020-12-18T22:00:06.000+0000,2020-12-18,job-49-run-9,null,Standard_DS3_v2,null,"{""min_workers"":1,""max_workers"":2}",0,true,null,null,"{""JobId"":""49"",""RunName"":""Overwatch""}",null,null,"{""spark.databricks.delta.preview.enabled"":""true""}",/clusters/jobs/49/,null,6.4.x-scala2.11,jobs/job-49-run-9-attempt-1,2222170229861029,null,JobsService,null
1218-151739-arcs333,create,1608304659000,2020-12-18T15:17:39.000+0000,2020-12-18,Terraform Integration Test jjilffefjlba,null,null,1,null,15,null,null,null,null,null,null,null,null,1218-150930-yokel637-pool-vBkDs6cu,7.3.x-scala2.12,acc-list-jjilffefjlba,null,alexey.ott@databricks.com,alexey.ott@databricks.com,null
1220-220006-exalt261,create,1608501606000,2020-12-20T22:00:06.000+0000,2020-12-20,job-49-run-11,null,Standard_DS3_v2,null,"{""min_workers"":1,""max_workers"":2}",0,true,null,null,"{""JobId"":""49"",""RunName"":""Overwatch""}",null,null,"{""spark.databricks.delta.preview.enabled"":""true""}",/clusters/jobs/49/,null,6.4.x-scala2.11,jobs/job-49-run-11-attempt-1,2222170229861029,null,JobsService,null
1224-220012-autos670,create,1608847212000,2020-12-24T22:00:12.000+0000,2020-12-24,job-49-run-15,null,Standard_DS3_v2,null,"{""min_workers"":1,""max_workers"":2}",0,true,null,null,"{""JobId"":""49"",""RunName"":""Overwatch""}",null,null,"{""spark.databricks.delta.preview.enabled"":""true""}",/clusters/jobs/49/,null,6.4.x-scala2.11,jobs/job-49-run-15-attempt-1,2222170229861029,null,JobsService,null
1223-220007-credo259,create,1608760807000,2020-12-23T22:00:07.000+0000,2020-12-23,job-49-run-14,null,Standard_DS3_v2,null,"{""min_workers"":1,""max_workers"":2}",0,true,null,null,"{""JobId"":""49"",""RunName"":""Overwatch""}",null,null,"{""spark.databricks.delta.preview.enabled"":""true""}",/clusters/jobs/49/,null,6.4.x-scala2.11,jobs/job-49-run-14-attempt-1,2222170229861029,null,JobsService,null
1221-220015-sow100,create,1608588015000,2020-12-21T22:00:15.000+0000,2020-12-21,job-49-run-12,null,Standard_DS3_v2,null,"{""min_workers"":1,""max_workers"":2}",0,true,null,null,"{""JobId"":""49"",""RunName"":""Overwatch""}",null,null,"{""spark.databricks.delta.preview.enabled"":""true""}",/clusters/jobs/49/,null,6.4.x-scala2.11,jobs/job-49-run-12-attempt-1,2222170229861029,null,JobsService,null
1228-220009-binge174,create,1609192810000,2020-12-28T22:00:10.000+0000,2020-12-28,job-49-run-19,null,Standard_DS3_v2,null,"{""min_workers"":1,""max_workers"":2}",0,true,null,null,"{""JobId"":""49"",""RunName"":""Overwatch""}",null,null,"{""spark.databricks.delta.preview.enabled"":""true""}",/clusters/jobs/49/,null,6.4.x-scala2.11,jobs/job-49-run-19-attempt-1,2222170229861029,null,JobsService,null
1227-220008-testy896,create,1609106409000,2020-12-27T22:00:09.000+0000,2020-12-27,job-49-run-18,null,Standard_DS3_v2,null,"{""min_workers"":1,""max_workers"":2}",0,true,null,null,"{""JobId"":""49"",""RunName"":""Overwatch""}",null,null,"{""spark.databricks.delta.preview.enabled"":""true""}",/clusters/jobs/49/,null,6.4.x-scala2.11,jobs/job-49-run-18-attempt-1,2222170229861029,null,JobsService,null
1225-220009-glaze503,create,1608933610000,2020-12-25T22:00:10.000+0000,2020-12-25,job-49-run-16,null,Standard_DS3_v2,null,"{""min_workers"":1,""max_workers"":2}",0,true,null,null,"{""JobId"":""49"",""RunName"":""Overwatch""}",null,null,"{""spark.databricks.delta.preview.enabled"":""true""}",/clusters/jobs/49/,null,6.4.x-scala2.11,jobs/job-49-run-16-attempt-1,2222170229861029,null,JobsService,null
1226-220006-riced354,create,1609020007000,2020-12-26T22:00:07.000+0000,2020-12-26,job-49-run-17,null,Standard_DS3_v2,null,"{""min_workers"":1,""max_workers"":2}",0,true,null,null,"{""JobId"":""49"",""RunName"":""Overwatch""}",null,null,"{""spark.databricks.delta.preview.enabled"":""true""}",/clusters/jobs/49/,null,6.4.x-scala2.11,jobs/job-49-run-17-attempt-1,2222170229861029,null,JobsService,null
1231-220010-wrapt371,create,1609452011000,2020-12-31T22:00:11.000+0000,2020-12-31,job-49-run-22,null,Standard_DS3_v2,null,"{""min_workers"":1,""max_workers"":2}",0,true,null,null,"{""JobId"":""49"",""RunName"":""Overwatch""}",null,null,"{""spark.databricks.delta.preview.enabled"":""true""}",/clusters/jobs/49/,null,6.4.x-scala2.11,jobs/job-49-run-22-attempt-1,2222170229861029,null,JobsService,null
1230-220019-clone609,create,1609365619000,2020-12-30T22:00:19.000+0000,2020-12-30,job-49-run-21,null,Standard_DS3_v2,null,"{""min_workers"":1,""max_workers"":2}",0,true,null,null,"{""JobId"":""49"",""RunName"":""Overwatch""}",null,null,"{""spark.databricks.delta.preview.enabled"":""true""}",/clusters/jobs/49/,null,6.4.x-scala2.11,jobs/job-49-run-21-attempt-1,2222170229861029,null,JobsService,null
1229-220012-bays385,create,1609279212000,2020-12-29T22:00:12.000+0000,2020-12-29,job-49-run-20,null,Standard_DS3_v2,null,"{""min_workers"":1,""max_workers"":2}",0,true,null,null,"{""JobId"":""49"",""RunName"":""Overwatch""}",null,null,"{""spark.databricks.delta.preview.enabled"":""true""}",/clusters/jobs/49/,null,6.4.x-scala2.11,jobs/job-49-run-20-attempt-1,2222170229861029,null,JobsService,null
0104-143658-fuzes848,create,1609771018000,2021-01-04T14:36:58.000+0000,2021-01-04,cluster-jkyx8lynr7,null,null,null,"{""min_workers"":1,""max_workers"":2}",10,null,null,null,"{""ResourceClass"":""Serverless""}",null,null,"{""spark.databricks.cluster.profile"":""serverless"",""spark.databricks.repl.allowedLanguages"":""sql,python,r"",""spark.hadoop.fs.s3a.acl.default"":""BucketOwnerFullControl"",""spark.hadoop.fs.s3a.canned.acl"":""BucketOwnerFullControl""}",null,1218-150930-yokel637-pool-vBkDs6cu,6.6.x-scala2.11,null,null,alexey.ott@databricks.com,alexey.ott@databricks.com,null
0104-145332-watch23,create,1609772013000,2021-01-04T14:53:33.000+0000,2021-01-04,cluster-eqxcm8bnwh,null,null,null,"{""min_workers"":1,""max_workers"":2}",10,null,null,null,"{""ResourceClass"":""Serverless""}",null,null,"{""spark.databricks.cluster.profile"":""serverless"",""spark.databricks.repl.allowedLanguages"":""sql,python,r"",""spark.hadoop.fs.s3a.acl.default"":""BucketOwnerFullControl"",""spark.hadoop.fs.s3a.canned.acl"":""BucketOwnerFullControl""}",null,1218-150930-yokel637-pool-vBkDs6cu,6.6.x-scala2.11,null,null,alexey.ott@databricks.com,alexey.ott@databricks.com,null
0104-144558-bassi974,create,1609771558000,2021-01-04T14:45:58.000+0000,2021-01-04,cluster-pllnt1d6rk,null,null,null,"{""min_workers"":1,""max_workers"":2}",10,null,null,null,"{""ResourceClass"":""Serverless""}",null,null,"{""spark.databricks.cluster.profile"":""serverless"",""spark.databricks.repl.allowedLanguages"":""sql,python,r"",""spark.hadoop.fs.s3a.acl.default"":""BucketOwnerFullControl"",""spark.hadoop.fs.s3a.canned.acl"":""BucketOwnerFullControl""}",null,1218-150930-yokel637-pool-vBkDs6cu,6.6.x-scala2.11,null,null,alexey.ott@databricks.com,alexey.ott@databricks.com,null
0104-152719-sloe562,create,1609774040000,2021-01-04T15:27:20.000+0000,2021-01-04,Terraform ceo3q3og0w,null,null,1,null,20,null,null,null,null,null,null,null,null,0104-152206-rued399-pool-OnKOjqOs,7.3.x-scala2.12,tf-ceo3q3og0w,null,alexey.ott@databricks.com,alexey.ott@databricks.com,null
0104-152238-mines506,create,1609773758000,2021-01-04T15:22:38.000+0000,2021-01-04,cluster_1v7b0t7sse,null,null,null,"{""min_workers"":1,""max_workers"":2}",10,null,null,null,"{""ResourceClass"":""Serverless""}",null,null,"{""spark.databricks.cluster.profile"":""serverless"",""spark.databricks.repl.allowedLanguages"":""sql,python,r"",""spark.hadoop.fs.s3a.acl.default"":""BucketOwnerFullControl"",""spark.hadoop.fs.s3a.canned.acl"":""BucketOwnerFullControl""}",null,0104-152236-earth401-pool-g8842d0E,6.6.x-scala2.11,null,null,alexey.ott@databricks.com,alexey.ott@databricks.com,null
0104-150142-shank282,create,1609772502000,2021-01-04T15:01:42.000+0000,2021-01-04,cluster-k3ruphq696,null,null,null,"{""min_workers"":1,""max_workers"":2}",10,null,null,null,"{""ResourceClass"":""Serverless""}",null,null,"{""spark.databricks.cluster.profile"":""serverless"",""spark.databricks.repl.allowedLanguages"":""sql,python,r"",""spark.hadoop.fs.s3a.acl.default"":""BucketOwnerFullControl"",""spark.hadoop.fs.s3a.canned.acl"":""BucketOwnerFullControl""}",null,1218-150930-yokel637-pool-vBkDs6cu,6.6.x-scala2.11,null,null,alexey.ott@databricks.com,alexey.ott@databricks.com,null
0104-155236-bebop947,create,1609775557000,2021-01-04T15:52:37.000+0000,2021-01-04,cluster-jtqy1j7y6x,null,null,null,"{""min_workers"":1,""max_workers"":2}",10,null,null,null,"{""ResourceClass"":""Serverless""}",null,null,"{""spark.databricks.cluster.profile"":""serverless"",""spark.databricks.repl.allowedLanguages"":""sql,python,r"",""spark.hadoop.fs.s3a.acl.default"":""BucketOwnerFullControl"",""spark.hadoop.fs.s3a.canned.acl"":""BucketOwnerFullControl""}",null,0104-155229-molar404-pool-8TicL3z8,6.6.x-scala2.11,null,null,alexey.ott@databricks.com,alexey.ott@databricks.com,null
0104-144128-elate904,create,1609771289000,2021-01-04T14:41:29.000+0000,2021-01-04,cluster_gp24s8emgt,null,null,null,"{""min_workers"":1,""max_workers"":2}",10,null,null,null,"{""ResourceClass"":""Serverless""}",null,null,"{""spark.databricks.cluster.profile"":""serverless"",""spark.databricks.repl.allowedLanguages"":""sql,python,r"",""spark.hadoop.fs.s3a.acl.default"":""BucketOwnerFullControl"",""spark.hadoop.fs.s3a.canned.acl"":""BucketOwnerFullControl""}",null,0104-144127-cuffs396-pool-cMOY4Qqi,6.6.x-scala2.11,null,null,alexey.ott@databricks.com,alexey.ott@databricks.com,null
0104-151925-offed464,create,1609773565000,2021-01-04T15:19:25.000+0000,2021-01-04,cluster_jg3ajyp4ig,null,null,null,"{""min_workers"":1,""max_workers"":2}",10,null,null,null,"{""ResourceClass"":""Serverless""}",null,null,"{""spark.databricks.cluster.profile"":""serverless"",""spark.databricks.repl.allowedLanguages"":""sql,python,r"",""spark.hadoop.fs.s3a.acl.default"":""BucketOwnerFullControl"",""spark.hadoop.fs.s3a.canned.acl"":""BucketOwnerFullControl""}",null,0104-151921-assay398-pool-x3pnamhy,6.6.x-scala2.11,null,null,alexey.ott@databricks.com,alexey.ott@databricks.com,null
0104-151501-binds394,create,1609773302000,2021-01-04T15:15:02.000+0000,2021-01-04,cluster-772c02jb0e,null,null,null,"{""min_workers"":1,""max_workers"":2}",10,null,null,null,"{""ResourceClass"":""Serverless""}",null,null,"{""spark.databricks.cluster.profile"":""serverless"",""spark.databricks.repl.allowedLanguages"":""sql,python,r"",""spark.hadoop.fs.s3a.acl.default"":""BucketOwnerFullControl"",""spark.hadoop.fs.s3a.canned.acl"":""BucketOwnerFullControl""}",null,1218-150930-yokel637-pool-vBkDs6cu,6.6.x-scala2.11,null,null,alexey.ott@databricks.com,alexey.ott@databricks.com,null
0104-145701-anons93,create,1609772221000,2021-01-04T14:57:01.000+0000,2021-01-04,cluster-mss9znvu7l,null,null,null,"{""min_workers"":1,""max_workers"":2}",10,null,null,null,"{""ResourceClass"":""Serverless""}",null,null,"{""spark.databricks.cluster.profile"":""serverless"",""spark.databricks.repl.allowedLanguages"":""sql,python,r"",""spark.hadoop.fs.s3a.acl.default"":""BucketOwnerFullControl"",""spark.hadoop.fs.s3a.canned.acl"":""BucketOwnerFullControl""}",null,1218-150930-yokel637-pool-vBkDs6cu,6.6.x-scala2.11,null,null,alexey.ott@databricks.com,alexey.ott@databricks.com,null
0104-152705-tuft555,create,1609774025000,2021-01-04T15:27:05.000+0000,2021-01-04,cluster-szi4yki2g2,null,null,null,"{""min_workers"":1,""max_workers"":2}",10,null,null,null,"{""ResourceClass"":""Serverless""}",null,null,"{""spark.databricks.cluster.profile"":""serverless"",""spark.databricks.repl.allowedLanguages"":""sql,python,r"",""spark.hadoop.fs.s3a.acl.default"":""BucketOwnerFullControl"",""spark.hadoop.fs.s3a.canned.acl"":""BucketOwnerFullControl""}",null,0104-152206-rued399-pool-OnKOjqOs,6.6.x-scala2.11,null,null,alexey.ott@databricks.com,alexey.ott@databricks.com,null
0104-135331-dump50,create,1609768411000,2021-01-04T13:53:31.000+0000,2021-01-04,cluster-o9wj86d74u,null,null,null,"{""min_workers"":1,""max_workers"":2}",10,null,null,null,"{""ResourceClass"":""Serverless""}",null,null,"{""spark.databricks.cluster.profile"":""serverless"",""spark.databricks.repl.allowedLanguages"":""sql,python,r"",""spark.hadoop.fs.s3a.acl.default"":""BucketOwnerFullControl"",""spark.hadoop.fs.s3a.canned.acl"":""BucketOwnerFullControl""}",null,1218-150930-yokel637-pool-vBkDs6cu,6.6.x-scala2.11,null,null,alexey.ott@databricks.com,alexey.ott@databricks.com,null
0104-135508-hoof92,create,1609768508000,2021-01-04T13:55:08.000+0000,2021-01-04,cluster-kxwo0cpkk7,null,null,null,"{""min_workers"":1,""max_workers"":2}",10,null,null,null,"{""ResourceClass"":""Serverless""}",null,null,"{""spark.databricks.cluster.profile"":""serverless"",""spark.databricks.repl.allowedLanguages"":""sql,python,r"",""spark.hadoop.fs.s3a.acl.default"":""BucketOwnerFullControl"",""spark.hadoop.fs.s3a.canned.acl"":""BucketOwnerFullControl""}",null,1218-150930-yokel637-pool-vBkDs6cu,6.6.x-scala2.11,null,null,alexey.ott@databricks.com,alexey.ott@databricks.com,null
0104-185745-lull397,create,1609786665000,2021-01-04T18:57:45.000+0000,2021-01-04,job-51-run-13,null,Standard_DS3_v2,1,null,0,true,"{""dbfs"":{""destination"":""dbfs:/cluster-logs""}}",null,"{""JobId"":""51"",""RunName"":""test_automated"",""custom"":""my_custom""}",null,null,"{""spark.databricks.delta.preview.enabled"":""true""}",/clusters/jobs/51/,null,6.4.x-scala2.11,jobs/job-51-run-13-attempt-1,2222170229861029,null,JobsService,null
0104-220013-coils308,create,1609797613000,2021-01-04T22:00:13.000+0000,2021-01-04,job-49-run-26,null,Standard_DS3_v2,null,"{""min_workers"":1,""max_workers"":2}",0,true,null,null,"{""JobId"":""49"",""RunName"":""Overwatch""}",null,null,"{""spark.databricks.delta.preview.enabled"":""true""}",/clusters/jobs/49/,null,6.4.x-scala2.11,jobs/job-49-run-26-attempt-1,2222170229861029,null,JobsService,null
0104-121342-heal475,create,1609762423000,2021-01-04T12:13:43.000+0000,2021-01-04,job-53-run-1,null,Standard_DS3_v2,0,null,0,null,null,null,"{""JobId"":""53"",""RunName"":""Untitled""}",null,null,"{""spark.master"":""local[*]"",""spark.databricks.cluster.profile"":""singleNode""}",/clusters/jobs/53/,null,7.3.x-scala2.12,jobs/job-53-run-1-attempt-1,2222170229861029,null,JobsService,null
1112-110804-soils854,edit,1609786680000,2021-01-04T18:58:00.000+0000,2021-01-04,Overwatch,Standard_DS3_v2,Standard_DS3_v2,1,null,60,true,"{""dbfs"":{""destination"":""dbfs:/cluster-logs""}}",null,null,null,null,"{""spark.databricks.delta.preview.enabled"":""true""}",null,null,6.6.x-scala2.11,null,null,null,alexey.ott@databricks.com,daniel.tomes@databricks.com
0104-122242-cocoa615,create,1609762962000,2021-01-04T12:22:42.000+0000,2021-01-04,my-single-node,null,Standard_DS3_v2,null,"{""min_workers"":1,""max_workers"":2}",null,null,null,null,null,null,null,null,null,null,7.3.x-scala2.12,null,null,alexey.ott@databricks.com,alexey.ott@databricks.com,null
0104-135439-kin71,create,1609768480000,2021-01-04T13:54:40.000+0000,2021-01-04,Terraform Integration Test aaaicjkdcejd,null,null,1,null,15,null,null,null,null,null,null,null,null,1218-150930-yokel637-pool-vBkDs6cu,7.3.x-scala2.12,acc-list-aaaicjkdcejd,null,alexey.ott@databricks.com,alexey.ott@databricks.com,null
0104-122145-cower601,create,1609762905000,2021-01-04T12:21:45.000+0000,2021-01-04,my-single-node,null,Standard_DS3_v2,null,"{""min_workers"":1,""max_workers"":2}",null,null,null,null,null,null,null,"{""spark.master"":""local[*]"",""spark.databricks.cluster.profile"":""singleNode""}",null,null,7.3.x-scala2.12,null,null,alexey.ott@databricks.com,alexey.ott@databricks.com,null
0104-122417-tacky629,create,1609763058000,2021-01-04T12:24:18.000+0000,2021-01-04,job-54-run-1,null,Standard_DS3_v2,null,"{""min_workers"":1,""max_workers"":2}",0,null,null,null,"{""JobId"":""54"",""RunName"":""my job""}",null,null,null,/clusters/jobs/54/,null,7.3.x-scala2.12,jobs/job-54-run-1-attempt-1,2222170229861029,null,JobsService,null
0104-100142-teal270,create,1609754502000,2021-01-04T10:01:42.000+0000,2021-01-04,my-single-node,null,Standard_DS3_v2,0,null,null,null,null,null,null,null,null,"{""spark.master"":""local[*]"",""spark.databricks.cluster.profile"":""singleNode""}",null,null,7.3.x-scala2.12,null,null,alexey.ott@databricks.com,alexey.ott@databricks.com,null
0104-152208-sibyl492,create,1609773728000,2021-01-04T15:22:08.000+0000,2021-01-04,Terraform Integration Test jbkgjbklajhl,null,null,1,null,15,null,null,null,null,null,null,null,null,0104-152206-rued399-pool-OnKOjqOs,7.3.x-scala2.12,acc-list-jbkgjbklajhl,null,alexey.ott@databricks.com,alexey.ott@databricks.com,null
0104-135257-brig22,create,1609768377000,2021-01-04T13:52:57.000+0000,2021-01-04,Terraform Integration Test bjhafjefcicf,null,null,1,null,15,null,null,null,null,null,null,null,null,1218-150930-yokel637-pool-vBkDs6cu,7.3.x-scala2.12,acc-list-bjhafjefcicf,null,alexey.ott@databricks.com,alexey.ott@databricks.com,null
0104-122925-nets678,create,1609763366000,2021-01-04T12:29:26.000+0000,2021-01-04,job-55-run-1,null,Standard_DS3_v2,0,null,0,null,null,null,"{""JobId"":""55"",""RunName"":""my job""}",null,null,null,/clusters/jobs/55/,null,7.3.x-scala2.12,jobs/job-55-run-1-attempt-1,2222170229861029,null,JobsService,null
0104-152214-vents499,create,1609773734000,2021-01-04T15:22:14.000+0000,2021-01-04,TerraformIntegrationTest,null,null,1,null,20,null,null,null,null,null,null,null,null,0104-152206-rued399-pool-OnKOjqOs,7.3.x-scala2.12,tf-og9sal38qd,null,alexey.ott@databricks.com,alexey.ott@databricks.com,null
0104-135302-ruing29,create,1609768382000,2021-01-04T13:53:02.000+0000,2021-01-04,TerraformIntegrationTest,null,null,1,null,20,null,null,null,null,null,null,null,null,1218-150930-yokel637-pool-vBkDs6cu,7.3.x-scala2.12,tf-of3llfp3nl,null,alexey.ott@databricks.com,alexey.ott@databricks.com,null
0104-135526-ales106,create,1609768526000,2021-01-04T13:55:26.000+0000,2021-01-04,Terraform 73yvr8cxd2,null,null,1,null,20,null,null,null,null,null,null,null,null,1218-150930-yokel637-pool-vBkDs6cu,7.3.x-scala2.12,tf-73yvr8cxd2,null,alexey.ott@databricks.com,alexey.ott@databricks.com,null
0104-135939-jinn169,create,1609768779000,2021-01-04T13:59:39.000+0000,2021-01-04,Terraform u4amdseklm,null,null,1,null,20,null,null,null,null,null,null,null,null,1218-150930-yokel637-pool-vBkDs6cu,7.3.x-scala2.12,tf-u4amdseklm,null,alexey.ott@databricks.com,alexey.ott@databricks.com,null
0104-152251-pipes520,create,1609773771000,2021-01-04T15:22:51.000+0000,2021-01-04,Terraform ipwoeqxxki,null,null,1,null,20,null,null,null,null,null,null,null,null,0104-152206-rued399-pool-OnKOjqOs,7.3.x-scala2.12,tf-ipwoeqxxki,null,alexey.ott@databricks.com,alexey.ott@databricks.com,null
0104-135343-bee57,create,1609768424000,2021-01-04T13:53:44.000+0000,2021-01-04,Terraform i1a2n2ofst,null,null,1,null,20,null,null,null,null,null,null,null,null,1218-150930-yokel637-pool-vBkDs6cu,7.3.x-scala2.12,tf-i1a2n2ofst,null,alexey.ott@databricks.com,alexey.ott@databricks.com,null
0108-092516-tuber652,create,1610097917000,2021-01-08T09:25:17.000+0000,2021-01-08,,Standard_E8_v3,Standard_E8_v3,1,null,1440,true,null,null,"{""SqlEndpointId"":""4264e5078741679a""}",SQL,null,"{""spark.databricks.repl.allowedLanguages"":""none"",""spark.databricks.sqlservice.endpointId"":""endpoint-4264e5078741679a"",""spark.databricks.queryWatchdog.enabled"":""true"",""spark.databricks.service.server.enabled"":""false"",""spark.databricks.api.url"":""https://westeurope-c2.azuredatabricks.net"",""spark.databricks.sqlgateway.enabled"":""true"",""spark.memory.offHeap.enabled"":""true"",""spark.databricks.delta.properties.defaults.checkpoint.writeStatsAsStruct"":""true"",""spark.memory.offHeap.size"":""39180m"",""spark.databricks.acl.dfAclsEnabled"":""true"",""spark.databricks.photon.enabled"":""false"",""spark.databricks.delta.properties.defaults.checkpoint.writeStatsAsJson"":""false"",""spark.executor.memory"":""7835m"",""spark.databricks.photon.allowed"":""true"",""spark.sql.shuffle.partitions"":""16""}",null,null,7.3.x-lh-scala2.12,184f0bdc-b944-497f-a695-77b52f1bb313,null,null,,null
0108-144947-lipid281,create,1610117388000,2021-01-08T14:49:48.000+0000,2021-01-08,null,Standard_E8_v3,Standard_E8_v3,1,null,1440,true,null,null,"{""SqlEndpointId"":""4264e5078741679a""}",SQL,null,"{""spark.databricks.repl.allowedLanguages"":""none"",""spark.databricks.sqlservice.endpointId"":""endpoint-4264e5078741679a"",""spark.databricks.queryWatchdog.enabled"":""true"",""spark.databricks.service.server.enabled"":""false"",""spark.databricks.api.url"":""https://westeurope-c2.azuredatabricks.net"",""spark.databricks.sqlgateway.enabled"":""true"",""spark.memory.offHeap.enabled"":""true"",""spark.databricks.delta.properties.defaults.checkpoint.writeStatsAsStruct"":""true"",""spark.memory.offHeap.size"":""39180m"",""spark.databricks.acl.dfAclsEnabled"":""true"",""spark.databricks.photon.enabled"":""false"",""spark.databricks.delta.properties.defaults.checkpoint.writeStatsAsJson"":""false"",""spark.executor.memory"":""7835m"",""spark.databricks.photon.allowed"":""true"",""spark.sql.shuffle.partitions"":""16""}",null,null,7.3.x-lh-scala2.12,1d0248cb-5390-4dc0-a2fe-27668bebcaf2,null,null,null,null
0107-154810-flay739,create,1610034490000,2021-01-07T15:48:10.000+0000,2021-01-07,cluster-1zv6o96cwc,null,null,null,"{""min_workers"":1,""max_workers"":2}",10,null,null,null,"{""ResourceClass"":""Serverless""}",null,null,"{""spark.databricks.cluster.profile"":""serverless"",""spark.databricks.repl.allowedLanguages"":""sql,python,r"",""spark.hadoop.fs.s3a.acl.default"":""BucketOwnerFullControl"",""spark.hadoop.fs.s3a.canned.acl"":""BucketOwnerFullControl""}",null,0107-154303-bugs80-pool-lrwEwW8i,7.3.x-scala2.12,null,null,alexey.ott@databricks.com,alexey.ott@databricks.com,null
0106-090807-cards289,create,1609924087000,2021-01-06T09:08:07.000+0000,2021-01-06,cluster_t9e9ru8p6e,null,null,null,"{""min_workers"":1,""max_workers"":2}",10,null,null,null,"{""ResourceClass"":""Serverless""}",null,null,"{""spark.databricks.cluster.profile"":""serverless"",""spark.databricks.repl.allowedLanguages"":""sql,python,r"",""spark.hadoop.fs.s3a.acl.default"":""BucketOwnerFullControl"",""spark.hadoop.fs.s3a.canned.acl"":""BucketOwnerFullControl""}",null,0106-090805-onion806-pool-zlFSmu7K,6.6.x-scala2.11,null,null,alexey.ott@databricks.com,alexey.ott@databricks.com,null
0106-150205-copse414,create,1609945325000,2021-01-06T15:02:05.000+0000,2021-01-06,terraform-mount,null,Standard_F4s,1,null,10,null,null,null,null,null,null,null,null,null,6.6.x-scala2.11,null,null,alexey.ott@databricks.com,alexey.ott@databricks.com,null
0106-090725-toxic261,create,1609924045000,2021-01-06T09:07:25.000+0000,2021-01-06,cluster_lnmxxzm6cp,null,null,null,"{""min_workers"":1,""max_workers"":2}",10,null,null,null,"{""ResourceClass"":""Serverless""}",null,null,"{""spark.databricks.cluster.profile"":""serverless"",""spark.databricks.repl.allowedLanguages"":""sql,python,r"",""spark.hadoop.fs.s3a.acl.default"":""BucketOwnerFullControl"",""spark.hadoop.fs.s3a.canned.acl"":""BucketOwnerFullControl""}",null,0106-090722-limns805-pool-s1Ob4hXj,6.6.x-scala2.11,null,null,alexey.ott@databricks.com,alexey.ott@databricks.com,null
0106-114549-pat187,create,1609933549000,2021-01-06T11:45:49.000+0000,2021-01-06,cluster-efwyhu09kr,null,null,null,"{""min_workers"":1,""max_workers"":2}",10,null,null,null,"{""ResourceClass"":""Serverless""}",null,null,"{""spark.databricks.cluster.profile"":""serverless"",""spark.databricks.repl.allowedLanguages"":""sql,python,r"",""spark.hadoop.fs.s3a.acl.default"":""BucketOwnerFullControl"",""spark.hadoop.fs.s3a.canned.acl"":""BucketOwnerFullControl""}",null,0106-114007-toffy834-pool-nIEoBdgJ,7.3.x-scala2.12,null,null,alexey.ott@databricks.com,alexey.ott@databricks.com,null
0106-060606-speck62,create,1609913166000,2021-01-06T06:06:06.000+0000,2021-01-06,job-51-run-15,null,Standard_DS3_v2,1,null,0,true,"{""dbfs"":{""destination"":""dbfs:/cluster-logs""}}",null,"{""JobId"":""51"",""RunName"":""test_automated"",""custom"":""my_custom""}",null,null,"{""spark.databricks.delta.preview.enabled"":""true""}",/clusters/jobs/51/,null,6.4.x-scala2.11,jobs/job-51-run-15-attempt-1,2222170229861029,null,JobsService,null
0106-090053-viper86,create,1609923653000,2021-01-06T09:00:53.000+0000,2021-01-06,cluster_okubgddeox,null,null,null,"{""min_workers"":1,""max_workers"":2}",10,null,null,null,"{""ResourceClass"":""Serverless""}",null,null,"{""spark.databricks.cluster.profile"":""serverless"",""spark.databricks.repl.allowedLanguages"":""sql,python,r"",""spark.hadoop.fs.s3a.acl.default"":""BucketOwnerFullControl"",""spark.hadoop.fs.s3a.canned.acl"":""BucketOwnerFullControl""}",null,0106-090051-vizor804-pool-w4Ubv0yp,6.6.x-scala2.11,null,null,alexey.ott@databricks.com,alexey.ott@databricks.com,null
0106-114040-payed82,create,1609933240000,2021-01-06T11:40:40.000+0000,2021-01-06,cluster_o1iz66w6gl,null,null,null,"{""min_workers"":1,""max_workers"":2}",10,null,null,null,"{""ResourceClass"":""Serverless""}",null,null,"{""spark.databricks.cluster.profile"":""serverless"",""spark.databricks.repl.allowedLanguages"":""sql,python,r"",""spark.hadoop.fs.s3a.acl.default"":""BucketOwnerFullControl"",""spark.hadoop.fs.s3a.canned.acl"":""BucketOwnerFullControl""}",null,0106-114037-bucks836-pool-8Eocqsm3,7.3.x-scala2.12,null,null,alexey.ott@databricks.com,alexey.ott@databricks.com,null
0105-220019-impel178,create,1609884019000,2021-01-05T22:00:19.000+0000,2021-01-05,job-49-run-29,null,Standard_DS3_v2,null,"{""min_workers"":1,""max_workers"":2}",0,true,"{""dbfs"":{""destination"":""dbfs:/cluster-logs""}}",null,"{""JobId"":""49"",""RunName"":""Overwatch""}",null,null,"{""spark.databricks.delta.preview.enabled"":""true""}",/clusters/jobs/49/,null,6.4.x-scala2.11,jobs/job-49-run-29-attempt-1,2222170229861029,null,JobsService,null
0106-091936-creak450,create,1609924777000,2021-01-06T09:19:37.000+0000,2021-01-06,cluster_63gtr6qbln,null,null,null,"{""min_workers"":1,""max_workers"":2}",10,null,null,null,"{""ResourceClass"":""Serverless""}",null,null,"{""spark.databricks.cluster.profile"":""serverless"",""spark.databricks.repl.allowedLanguages"":""sql,python,r"",""spark.hadoop.fs.s3a.acl.default"":""BucketOwnerFullControl"",""spark.hadoop.fs.s3a.canned.acl"":""BucketOwnerFullControl""}",null,0106-091935-rakes810-pool-s1PtlyFb,7.3.x-scala2.12,null,null,alexey.ott@databricks.com,alexey.ott@databricks.com,null
0106-172644-cawed675,create,1609954004000,2021-01-06T17:26:44.000+0000,2021-01-06,job-49-run-30,null,Standard_DS3_v2,null,"{""min_workers"":1,""max_workers"":2}",0,true,"{""dbfs"":{""destination"":""dbfs:/cluster-logs""}}",null,"{""JobId"":""49"",""RunName"":""Overwatch""}",null,null,"{""spark.databricks.delta.preview.enabled"":""true""}",/clusters/jobs/49/,null,6.4.x-scala2.11,jobs/job-49-run-30-attempt-1,2222170229861029,null,JobsService,null
0105-203425-fur443,create,1609878866000,2021-01-05T20:34:26.000+0000,2021-01-05,job-49-run-28,null,Standard_DS3_v2,null,"{""min_workers"":1,""max_workers"":2}",0,true,"{""dbfs"":{""destination"":""dbfs:/cluster-logs""}}",null,"{""JobId"":""49"",""RunName"":""Overwatch""}",null,null,"{""spark.databricks.delta.preview.enabled"":""true""}",/clusters/jobs/49/,null,6.4.x-scala2.11,jobs/job-49-run-28-attempt-1,2222170229861029,null,JobsService,null
0105-124152-hared856,create,1609850513000,2021-01-05T12:41:53.000+0000,2021-01-05,job-51-run-14,null,Standard_DS3_v2,1,null,0,true,"{""dbfs"":{""destination"":""dbfs:/cluster-logs""}}",null,"{""JobId"":""51"",""RunName"":""test_automated"",""custom"":""my_custom""}",null,null,"{""spark.databricks.delta.preview.enabled"":""true""}",/clusters/jobs/51/,null,6.4.x-scala2.11,jobs/job-51-run-14-attempt-1,2222170229861029,null,JobsService,null
0106-114728-coils194,create,1609933648000,2021-01-06T11:47:28.000+0000,2021-01-06,cluster-828mzju0mo,null,Standard_F4s,0,null,10,null,null,null,null,null,null,"{""spark.databricks.cluster.profile"":""singleNode"",""spark.master"":""local[*]""}",null,null,7.3.x-scala2.12,null,null,alexey.ott@databricks.com,alexey.ott@databricks.com,null
1112-110804-soils854,edit,1609863739000,2021-01-05T16:22:19.000+0000,2021-01-05,Overwatch,Standard_DS3_v2,Standard_DS3_v2,2,null,60,true,"{""dbfs"":{""destination"":""dbfs:/cluster-logs""}}",null,null,null,null,"{""spark.databricks.delta.preview.enabled"":""true""}",null,null,6.6.x-scala2.11,null,null,null,alexey.ott@databricks.com,daniel.tomes@databricks.com
0106-131952-total755,create,1609939192000,2021-01-06T13:19:52.000+0000,2021-01-06,Test Single Node,null,Standard_D3_v2,0,null,20,null,null,null,null,null,null,"{""spark.databricks.cluster.profile"":""singleNode"",""spark.master"":""local[*]""}",null,null,7.3.x-scala2.12,null,null,alexey.ott@databricks.com,alexey.ott@databricks.com,null
0107-154337-mint683,create,1610034218000,2021-01-07T15:43:38.000+0000,2021-01-07,cluster_7f4klterx7,null,null,null,"{""min_workers"":1,""max_workers"":2}",10,null,null,null,"{""ResourceClass"":""Serverless""}",null,null,"{""spark.databricks.cluster.profile"":""serverless"",""spark.databricks.repl.allowedLanguages"":""sql,python,r"",""spark.hadoop.fs.s3a.acl.default"":""BucketOwnerFullControl"",""spark.hadoop.fs.s3a.canned.acl"":""BucketOwnerFullControl""}",null,0107-154336-jab83-pool-0YQQUl6c,7.3.x-scala2.12,null,null,alexey.ott@databricks.com,alexey.ott@databricks.com,null
0107-060603-jury247,create,1609999564000,2021-01-07T06:06:04.000+0000,2021-01-07,job-51-run-16,null,Standard_DS3_v2,1,null,0,true,"{""dbfs"":{""destination"":""dbfs:/cluster-logs""}}",null,"{""JobId"":""51"",""RunName"":""test_automated"",""custom"":""my_custom""}",null,null,"{""spark.databricks.delta.preview.enabled"":""true""}",/clusters/jobs/51/,null,6.4.x-scala2.11,jobs/job-51-run-16-attempt-1,2222170229861029,null,JobsService,null
0108-060611-war396,create,1610085971000,2021-01-08T06:06:11.000+0000,2021-01-08,job-51-run-17,null,Standard_DS3_v2,1,null,0,true,"{""dbfs"":{""destination"":""dbfs:/cluster-logs""}}",null,"{""JobId"":""51"",""RunName"":""test_automated"",""custom"":""my_custom""}",null,null,"{""spark.databricks.delta.preview.enabled"":""true""}",/clusters/jobs/51/,null,6.4.x-scala2.11,jobs/job-51-run-17-attempt-1,2222170229861029,null,JobsService,null
0106-085056-fee946,create,1609923056000,2021-01-06T08:50:56.000+0000,2021-01-06,cluster-d3qh8ikhvp,null,Standard_F4s,0,null,10,null,null,null,null,null,null,"{""spark.databricks.cluster.profile"":""singleNode"",""spark.master"":""local[*]""}",null,null,7.3.x-scala2.12,null,null,alexey.ott@databricks.com,alexey.ott@databricks.com,null
0106-133503-doggy35,create,1609940103000,2021-01-06T13:35:03.000+0000,2021-01-06,Test Single Node,null,Standard_F4s,0,null,20,null,null,null,null,null,null,"{""spark.databricks.cluster.profile"":""singleNode"",""spark.master"":""local[*]""}",null,null,7.3.x-scala2.12,null,null,alexey.ott@databricks.com,alexey.ott@databricks.com,null
0106-114009-angst54,create,1609933209000,2021-01-06T11:40:09.000+0000,2021-01-06,Terraform Integration Test fgkjhlghbiig,null,null,1,null,15,null,null,null,null,null,null,null,null,0106-114007-toffy834-pool-nIEoBdgJ,7.3.x-scala2.12,acc-list-fgkjhlghbiig,null,alexey.ott@databricks.com,alexey.ott@databricks.com,null
0106-114013-clap61,create,1609933213000,2021-01-06T11:40:13.000+0000,2021-01-06,TerraformIntegrationTest,null,null,1,null,20,null,null,null,null,null,null,null,null,0106-114007-toffy834-pool-nIEoBdgJ,7.3.x-scala2.12,tf-nln1px9gl4,null,alexey.ott@databricks.com,alexey.ott@databricks.com,null
0106-114527-cave159,create,1609933527000,2021-01-06T11:45:27.000+0000,2021-01-06,Terraform wz0cttuitd,null,null,1,null,20,null,null,null,null,null,null,null,null,0106-114007-toffy834-pool-nIEoBdgJ,7.3.x-scala2.12,tf-wz0cttuitd,null,alexey.ott@databricks.com,alexey.ott@databricks.com,null
0101-220009-carts273,create,1609538409000,2021-01-01T22:00:09.000+0000,2021-01-01,job-49-run-23,null,Standard_DS3_v2,null,"{""min_workers"":1,""max_workers"":2}",0,true,null,null,"{""JobId"":""49"",""RunName"":""Overwatch""}",null,null,"{""spark.databricks.delta.preview.enabled"":""true""}",/clusters/jobs/49/,null,6.4.x-scala2.11,jobs/job-49-run-23-attempt-1,2222170229861029,null,JobsService,null
0107-220014-expo897,create,1610056814000,2021-01-07T22:00:14.000+0000,2021-01-07,job-49-run-35,null,Standard_DS3_v2,2,null,0,true,"{""dbfs"":{""destination"":""dbfs:/cluster-logs""}}",null,"{""JobId"":""49"",""RunName"":""Overwatch""}",null,null,"{""spark.databricks.delta.preview.enabled"":""true""}",/clusters/jobs/49/,null,6.4.x-scala2.11,jobs/job-49-run-35-attempt-1,2222170229861029,null,JobsService,null
0108-144828-pawn260,create,1610117309000,2021-01-08T14:48:29.000+0000,2021-01-08,job-49-run-36,null,Standard_DS3_v2,2,null,0,true,"{""dbfs"":{""destination"":""dbfs:/cluster-logs""}}",null,"{""JobId"":""49"",""RunName"":""Overwatch""}",null,null,"{""spark.databricks.delta.preview.enabled"":""true""}",/clusters/jobs/49/,null,6.4.x-scala2.11,jobs/job-49-run-36-attempt-1,2222170229861029,null,JobsService,null
0106-220518-snaky727,create,1609970719000,2021-01-06T22:05:19.000+0000,2021-01-06,Overwatch_Pooled,null,null,2,null,20,null,"{""dbfs"":{""destination"":""dbfs:/cluster-logs""}}",null,"{""Overwatch_Test_Tag"":""TestTagValue""}",null,null,"{""spark.databricks.delta.preview.enabled"":""true""}",null,0106-220408-sails906-pool-owiCtgUX,6.6.x-scala2.11,1609970717679rsmg5dg4,null,null,daniel.tomes@databricks.com,null
0106-194759-skein516,create,1609962479000,2021-01-06T19:47:59.000+0000,2021-01-06,job-49-run-31,null,Standard_DS3_v2,null,"{""min_workers"":1,""max_workers"":2}",0,true,"{""dbfs"":{""destination"":""dbfs:/cluster-logs""}}",null,"{""JobId"":""49"",""RunName"":""Overwatch""}",null,null,"{""spark.databricks.delta.preview.enabled"":""true""}",/clusters/jobs/49/,null,6.4.x-scala2.11,jobs/job-49-run-31-attempt-1,2222170229861029,null,JobsService,null
0106-195342-shack558,create,1609962823000,2021-01-06T19:53:43.000+0000,2021-01-06,job-49-run-32,null,Standard_DS3_v2,null,"{""min_workers"":1,""max_workers"":2}",0,true,"{""dbfs"":{""destination"":""dbfs:/cluster-logs""}}",null,"{""JobId"":""49"",""RunName"":""Overwatch""}",null,null,"{""spark.databricks.delta.preview.enabled"":""true""}",/clusters/jobs/49/,null,6.4.x-scala2.11,jobs/job-49-run-32-attempt-1,2222170229861029,null,JobsService,null
0102-220007-sync573,create,1609624807000,2021-01-02T22:00:07.000+0000,2021-01-02,job-49-run-24,null,Standard_DS3_v2,null,"{""min_workers"":1,""max_workers"":2}",0,true,null,null,"{""JobId"":""49"",""RunName"":""Overwatch""}",null,null,"{""spark.databricks.delta.preview.enabled"":""true""}",/clusters/jobs/49/,null,6.4.x-scala2.11,jobs/job-49-run-24-attempt-1,2222170229861029,null,JobsService,null
0103-220008-wile11,create,1609711209000,2021-01-03T22:00:09.000+0000,2021-01-03,job-49-run-25,null,Standard_DS3_v2,null,"{""min_workers"":1,""max_workers"":2}",0,true,null,null,"{""JobId"":""49"",""RunName"":""Overwatch""}",null,null,"{""spark.databricks.delta.preview.enabled"":""true""}",/clusters/jobs/49/,null,6.4.x-scala2.11,jobs/job-49-run-25-attempt-1,2222170229861029,null,JobsService,null
0107-154956-tempo795,create,1610034596000,2021-01-07T15:49:56.000+0000,2021-01-07,cluster-i1jpd3bx98,null,Standard_F4s,0,null,10,null,null,null,null,null,null,"{""spark.databricks.cluster.profile"":""singleNode"",""spark.master"":""local[*]""}",null,null,7.3.x-scala2.12,null,null,alexey.ott@databricks.com,alexey.ott@databricks.com,null
0107-160519-torte110,create,1610035521000,2021-01-07T16:05:21.000+0000,2021-01-07,Test Single Node,null,Standard_F4s,0,null,20,null,null,null,null,null,null,"{""spark.databricks.cluster.profile"":""singleNode"",""spark.master"":""local[*]""}",null,null,7.3.x-scala2.12,null,null,alexey.ott@databricks.com,alexey.ott@databricks.com,null
0107-163122-ail446,create,1610037082000,2021-01-07T16:31:22.000+0000,2021-01-07,terraform-mount,null,Standard_F4s,0,null,10,null,null,null,null,null,null,"{""spark.databricks.cluster.profile"":""singleNode"",""spark.master"":""local[*]""}",null,null,7.3.x-scala2.12,null,null,alexey.ott@databricks.com,alexey.ott@databricks.com,null
0107-154305-spawn627,create,1610034185000,2021-01-07T15:43:05.000+0000,2021-01-07,Terraform Integration Test fgedkfkgbklj,null,null,1,null,15,null,null,null,null,null,null,null,null,0107-154303-bugs80-pool-lrwEwW8i,7.3.x-scala2.12,acc-list-fgedkfkgbklj,null,alexey.ott@databricks.com,alexey.ott@databricks.com,null
0107-154310-skew634,create,1610034190000,2021-01-07T15:43:10.000+0000,2021-01-07,TerraformIntegrationTest,null,null,1,null,20,null,null,null,null,null,null,null,null,0107-154303-bugs80-pool-lrwEwW8i,7.3.x-scala2.12,tf-gv2h7b7xrq,null,alexey.ott@databricks.com,alexey.ott@databricks.com,null
0107-154837-scoff746,create,1610034517000,2021-01-07T15:48:37.000+0000,2021-01-07,Terraform 622kma7kp2,null,null,1,null,20,null,null,null,null,null,null,null,null,0107-154303-bugs80-pool-lrwEwW8i,7.3.x-scala2.12,tf-622kma7kp2,null,alexey.ott@databricks.com,alexey.ott@databricks.com,null
0106-114052-party89,create,1609933253000,2021-01-06T11:40:53.000+0000,2021-01-06,Terraform t4psc8t1qi,null,null,1,null,20,null,null,null,null,null,null,null,null,0106-114007-toffy834-pool-nIEoBdgJ,7.3.x-scala2.12,tf-t4psc8t1qi,null,alexey.ott@databricks.com,alexey.ott@databricks.com,null
0107-154344-crib690,create,1610034224000,2021-01-07T15:43:44.000+0000,2021-01-07,Terraform mlbnys4wqj,null,null,1,null,20,null,null,null,null,null,null,null,null,0107-154303-bugs80-pool-lrwEwW8i,7.3.x-scala2.12,tf-mlbnys4wqj,null,alexey.ott@databricks.com,alexey.ott@databricks.com,null
0108-180938-abuts494,create,1610129378000,2021-01-08T18:09:38.000+0000,2021-01-08,,Standard_E8_v3,Standard_E8_v3,1,null,1440,true,null,null,"{""SqlEndpointId"":""4264e5078741679a""}",SQL,null,"{""spark.databricks.repl.allowedLanguages"":""none"",""spark.databricks.sqlservice.endpointId"":""endpoint-4264e5078741679a"",""spark.databricks.queryWatchdog.enabled"":""true"",""spark.databricks.service.server.enabled"":""false"",""spark.databricks.api.url"":""https://westeurope-c2.azuredatabricks.net"",""spark.databricks.sqlgateway.enabled"":""true"",""spark.memory.offHeap.enabled"":""true"",""spark.databricks.delta.properties.defaults.checkpoint.writeStatsAsStruct"":""true"",""spark.memory.offHeap.size"":""39180m"",""spark.databricks.acl.dfAclsEnabled"":""true"",""spark.databricks.photon.enabled"":""false"",""spark.databricks.delta.properties.defaults.checkpoint.writeStatsAsJson"":""false"",""spark.executor.memory"":""7835m"",""spark.databricks.photon.allowed"":""true"",""spark.sql.shuffle.partitions"":""16""}",null,null,7.3.x-lh-scala2.12,95a57a78-1f35-40e0-9086-0b6e45378599,null,null,,null
0108-184523-heron124,create,1610131523000,2021-01-08T18:45:23.000+0000,2021-01-08,,Standard_E8_v3,Standard_E8_v3,1,null,1440,true,null,null,"{""SqlEndpointId"":""4264e5078741679a""}",SQL,null,"{""spark.databricks.repl.allowedLanguages"":""none"",""spark.databricks.sqlservice.endpointId"":""endpoint-4264e5078741679a"",""spark.databricks.queryWatchdog.enabled"":""true"",""spark.databricks.service.server.enabled"":""false"",""spark.databricks.api.url"":""https://westeurope-c2.azuredatabricks.net"",""spark.databricks.sqlgateway.enabled"":""true"",""spark.memory.offHeap.enabled"":""true"",""spark.databricks.delta.properties.defaults.checkpoint.writeStatsAsStruct"":""true"",""spark.memory.offHeap.size"":""39180m"",""spark.databricks.acl.dfAclsEnabled"":""true"",""spark.databricks.photon.enabled"":""false"",""spark.databricks.delta.properties.defaults.checkpoint.writeStatsAsJson"":""false"",""spark.executor.memory"":""7835m"",""spark.databricks.photon.allowed"":""true"",""spark.sql.shuffle.partitions"":""16""}",null,null,7.3.x-lh-scala2.12,ba1baec9-4952-4f84-ad48-a1ed842864d6,null,null,,null
0108-182020-hymn704,create,1610130020000,2021-01-08T18:20:20.000+0000,2021-01-08,,Standard_E8_v3,Standard_E8_v3,1,null,1440,true,null,null,"{""SqlEndpointId"":""4264e5078741679a""}",SQL,null,"{""spark.databricks.repl.allowedLanguages"":""none"",""spark.databricks.sqlservice.endpointId"":""endpoint-4264e5078741679a"",""spark.databricks.queryWatchdog.enabled"":""true"",""spark.databricks.service.server.enabled"":""false"",""spark.databricks.api.url"":""https://westeurope-c2.azuredatabricks.net"",""spark.databricks.sqlgateway.enabled"":""true"",""spark.memory.offHeap.enabled"":""true"",""spark.databricks.delta.properties.defaults.checkpoint.writeStatsAsStruct"":""true"",""spark.memory.offHeap.size"":""39180m"",""spark.databricks.acl.dfAclsEnabled"":""true"",""spark.databricks.photon.enabled"":""false"",""spark.databricks.delta.properties.defaults.checkpoint.writeStatsAsJson"":""false"",""spark.executor.memory"":""7835m"",""spark.databricks.photon.allowed"":""true"",""spark.sql.shuffle.partitions"":""16""}",null,null,7.3.x-lh-scala2.12,181fdf7e-e25f-49b2-adbd-275cdd753b9d,null,null,,null
0108-220005-slaw35,create,1610143205000,2021-01-08T22:00:05.000+0000,2021-01-08,job-49-run-39,null,Standard_DS3_v2,2,null,0,true,"{""dbfs"":{""destination"":""dbfs:/cluster-logs""}}",null,"{""JobId"":""49"",""RunName"":""Overwatch""}",null,null,"{""spark.databricks.delta.preview.enabled"":""true""}",/clusters/jobs/49/,null,6.4.x-scala2.11,jobs/job-49-run-39-attempt-1,2222170229861029,null,JobsService,null
0112-142552-corps634,create,1610461553000,2021-01-12T14:25:53.000+0000,2021-01-12,DBR with SCC & EventHubs,null,Standard_DS3_v2,2,null,60,null,"{""dbfs"":{""destination"":""dbfs:/cluster-logs""}}","[{""dbfs"":{""destination"":""dbfs:/FileStore/init-scripts/scc-init.sh""}}]",null,null,null,null,null,null,7.3.x-scala2.12,null,null,null,alexey.ott@databricks.com,null
0112-142552-corps634,edit,1610464131000,2021-01-12T15:08:51.000+0000,2021-01-12,DBR with SCC & EventHubs,Standard_DS3_v2,Standard_DS3_v2,2,null,60,true,"{""dbfs"":{""destination"":""dbfs:/cluster-logs""}}","[{""dbfs"":{""destination"":""dbfs:/FileStore/init-scripts/scc-init.sh""}}]",null,null,null,"{""spark.databricks.delta.preview.enabled"":""true"",""spark.sql.extensions"":""com.datastax.spark.connector.CassandraSparkExtensions""}",null,null,7.3.x-scala2.12,null,null,null,alexey.ott@databricks.com,alexey.ott@databricks.com
0111-220012-bun434,create,1610402412000,2021-01-11T22:00:12.000+0000,2021-01-11,job-49-run-42,null,Standard_DS3_v2,2,null,0,true,"{""dbfs"":{""destination"":""dbfs:/cluster-logs""}}",null,"{""JobId"":""49"",""RunName"":""Overwatch""}",null,null,"{""spark.databricks.delta.preview.enabled"":""true""}",/clusters/jobs/49/,null,6.4.x-scala2.11,jobs/job-49-run-42-attempt-1,2222170229861029,null,JobsService,null
0111-121400-argue502,create,1610367240000,2021-01-11T12:14:00.000+0000,2021-01-11,terraform-mount,null,Standard_F4s,1,null,10,null,null,null,null,null,null,null,null,null,6.6.x-scala2.11,null,null,null,alexey.ott@databricks.com,null
0111-060606-mercy328,create,1610345167000,2021-01-11T06:06:07.000+0000,2021-01-11,job-51-run-20,null,Standard_DS3_v2,1,null,0,true,"{""dbfs"":{""destination"":""dbfs:/cluster-logs""}}",null,"{""JobId"":""51"",""RunName"":""test_automated"",""custom"":""my_custom""}",null,null,"{""spark.databricks.delta.preview.enabled"":""true""}",/clusters/jobs/51/,null,6.4.x-scala2.11,jobs/job-51-run-20-attempt-1,2222170229861029,null,JobsService,null
1112-110804-soils854,edit,1610386847000,2021-01-11T17:40:47.000+0000,2021-01-11,Overwatch,Standard_DS3_v2,Standard_DS3_v2,1,null,60,true,"{""dbfs"":{""destination"":""dbfs:/cluster-logs""}}",null,null,null,null,"{""spark.databricks.delta.preview.enabled"":""true""}",null,null,6.6.x-scala2.11,null,null,null,alexey.ott@databricks.com,daniel.tomes@databricks.com
1112-110804-soils854,edit,1610391528000,2021-01-11T18:58:48.000+0000,2021-01-11,Overwatch,Standard_DS3_v2,Standard_DS3_v2,1,null,240,true,"{""dbfs"":{""destination"":""dbfs:/cluster-logs""}}",null,null,null,null,"{""spark.databricks.delta.preview.enabled"":""true""}",null,null,6.6.x-scala2.11,null,null,null,alexey.ott@databricks.com,daniel.tomes@databricks.com
0112-123527-chirp618,create,1610454928000,2021-01-12T12:35:28.000+0000,2021-01-12,ComsomDB & Redis,null,Standard_DS3_v2,2,null,60,null,null,null,null,null,null,null,null,null,6.4.x-scala2.11,1610454926600h29hnyba,null,null,alexey.ott@databricks.com,null
0112-123527-chirp618,edit,1610457091000,2021-01-12T13:11:31.000+0000,2021-01-12,ComsomDB & Redis,Standard_DS3_v2,Standard_DS3_v2,2,null,60,true,null,null,null,null,null,"{""spark.databricks.delta.preview.enabled"":""true"",""spark.sql.extensions"":""com.datastax.spark.connector.CassandraSparkExtensions""}",null,null,6.4.x-scala2.11,null,null,null,alexey.ott@databricks.com,alexey.ott@databricks.com
0112-123527-chirp618,edit,1610457669000,2021-01-12T13:21:09.000+0000,2021-01-12,ComsoDB & Redis,Standard_DS3_v2,Standard_DS3_v2,2,null,60,true,null,null,null,null,null,"{""spark.databricks.delta.preview.enabled"":""true"",""spark.sql.extensions"":""com.datastax.spark.connector.CassandraSparkExtensions""}",null,null,6.4.x-scala2.11,null,null,null,alexey.ott@databricks.com,alexey.ott@databricks.com
0113-060608-helps293,create,1610517968000,2021-01-13T06:06:08.000+0000,2021-01-13,job-51-run-22,null,Standard_DS3_v2,1,null,0,true,"{""dbfs"":{""destination"":""dbfs:/cluster-logs""}}",null,"{""JobId"":""51"",""RunName"":""test_automated"",""custom"":""my_custom""}",null,null,"{""spark.databricks.delta.preview.enabled"":""true""}",/clusters/jobs/51/,null,6.4.x-scala2.11,jobs/job-51-run-22-attempt-1,2222170229861029,null,JobsService,null
0112-060613-phial318,create,1610431574000,2021-01-12T06:06:14.000+0000,2021-01-12,job-51-run-21,null,Standard_DS3_v2,1,null,0,true,"{""dbfs"":{""destination"":""dbfs:/cluster-logs""}}",null,"{""JobId"":""51"",""RunName"":""test_automated"",""custom"":""my_custom""}",null,null,"{""spark.databricks.delta.preview.enabled"":""true""}",/clusters/jobs/51/,null,6.4.x-scala2.11,jobs/job-51-run-21-attempt-1,2222170229861029,null,JobsService,null
0108-162350-grill926,create,1610123031000,2021-01-08T16:23:51.000+0000,2021-01-08,job-49-run-37,null,Standard_DS3_v2,2,null,0,true,"{""dbfs"":{""destination"":""dbfs:/cluster-logs""}}",null,"{""JobId"":""49"",""RunName"":""Overwatch""}",null,null,"{""spark.databricks.delta.preview.enabled"":""true""}",/clusters/jobs/49/,null,6.4.x-scala2.11,jobs/job-49-run-37-attempt-1,2222170229861029,null,JobsService,null
0113-220013-togas596,create,1610575213000,2021-01-13T22:00:13.000+0000,2021-01-13,job-49-run-44,null,Standard_DS3_v2,2,null,0,true,"{""dbfs"":{""destination"":""dbfs:/cluster-logs""}}",null,"{""JobId"":""49"",""RunName"":""Overwatch""}",null,null,"{""spark.databricks.delta.preview.enabled"":""true""}",/clusters/jobs/49/,null,6.4.x-scala2.11,jobs/job-49-run-44-attempt-1,2222170229861029,null,JobsService,null
0113-015355-sisal15,create,1610502835000,2021-01-13T01:53:55.000+0000,2021-01-13,job-49-run-43,null,Standard_DS3_v2,2,null,0,true,"{""dbfs"":{""destination"":""dbfs:/cluster-logs""}}",null,"{""JobId"":""49"",""RunName"":""Overwatch""}",null,null,"{""spark.databricks.delta.preview.enabled"":""true""}",/clusters/jobs/49/,null,6.4.x-scala2.11,jobs/job-49-run-43-attempt-1,2222170229861029,null,JobsService,null
0108-170648-tuck458,create,1610125608000,2021-01-08T17:06:48.000+0000,2021-01-08,job-49-run-38,null,Standard_DS3_v2,2,null,0,true,"{""dbfs"":{""destination"":""dbfs:/cluster-logs""}}",null,"{""JobId"":""49"",""RunName"":""Overwatch""}",null,null,"{""spark.databricks.delta.preview.enabled"":""true""}",/clusters/jobs/49/,null,6.4.x-scala2.11,jobs/job-49-run-38-attempt-1,2222170229861029,null,JobsService,null
0112-220034-atom648,create,1610488834000,2021-01-12T22:00:34.000+0000,2021-01-12,job-49-run-43,null,Standard_DS3_v2,2,null,0,true,"{""dbfs"":{""destination"":""dbfs:/cluster-logs""}}",null,"{""JobId"":""49"",""RunName"":""Overwatch""}",null,null,"{""spark.databricks.delta.preview.enabled"":""true""}",/clusters/jobs/49/,null,6.4.x-scala2.11,jobs/job-49-run-43-attempt-1,2222170229861029,null,JobsService,null
0109-060606-clod738,create,1610172367000,2021-01-09T06:06:07.000+0000,2021-01-09,job-51-run-18,null,Standard_DS3_v2,1,null,0,true,"{""dbfs"":{""destination"":""dbfs:/cluster-logs""}}",null,"{""JobId"":""51"",""RunName"":""test_automated"",""custom"":""my_custom""}",null,null,"{""spark.databricks.delta.preview.enabled"":""true""}",/clusters/jobs/51/,null,6.4.x-scala2.11,jobs/job-51-run-18-attempt-1,2222170229861029,null,JobsService,null
0109-220006-hosed301,create,1610229607000,2021-01-09T22:00:07.000+0000,2021-01-09,job-49-run-40,null,Standard_DS3_v2,2,null,0,true,"{""dbfs"":{""destination"":""dbfs:/cluster-logs""}}",null,"{""JobId"":""49"",""RunName"":""Overwatch""}",null,null,"{""spark.databricks.delta.preview.enabled"":""true""}",/clusters/jobs/49/,null,6.4.x-scala2.11,jobs/job-49-run-40-attempt-1,2222170229861029,null,JobsService,null
0110-060607-maria548,create,1610258767000,2021-01-10T06:06:07.000+0000,2021-01-10,job-51-run-19,null,Standard_DS3_v2,1,null,0,true,"{""dbfs"":{""destination"":""dbfs:/cluster-logs""}}",null,"{""JobId"":""51"",""RunName"":""test_automated"",""custom"":""my_custom""}",null,null,"{""spark.databricks.delta.preview.enabled"":""true""}",/clusters/jobs/51/,null,6.4.x-scala2.11,jobs/job-51-run-19-attempt-1,2222170229861029,null,JobsService,null
0110-220012-roan18,create,1610316012000,2021-01-10T22:00:12.000+0000,2021-01-10,job-49-run-41,null,Standard_DS3_v2,2,null,0,true,"{""dbfs"":{""destination"":""dbfs:/cluster-logs""}}",null,"{""JobId"":""49"",""RunName"":""Overwatch""}",null,null,"{""spark.databricks.delta.preview.enabled"":""true""}",/clusters/jobs/49/,null,6.4.x-scala2.11,jobs/job-49-run-41-attempt-1,2222170229861029,null,JobsService,null
