Name,API_Name,Memory_GB,vCPUs,Compute_Contract_Price,On_Demand_Cost_Hourly,Hourly_DBUs,GPUs,GPU_Model,GPU_Memory_GB,Physical_Processor,Clock_Speed_GHz,Instance_Storage,Network_Performance,EBS_Optimized_Max_Bandwidth_Mbps,EBS_Optimized_Max_Throughput_128K_Mbps,EBS_As_NVMe,Enhanced_Networking,Linux_Reserved_Cost_Hourly,EBS_Optimized_Surcharge_Hourly
C3 High-CPU Double Extra Large,c3.2xlarge,15.0,8,0.42,0.42,1,0,None,0,Intel Xeon E5-2680 v2 (Ivy Bridge),2.8,160 GiB (2 * 80 GiB SSD),High,1000,125,FALSE,TRUE,0.292,0
C3 High-CPU Quadruple Extra Large,c3.4xlarge,30.0,16,0.84,0.84,2,0,None,0,Intel Xeon E5-2680 v2 (Ivy Bridge),2.8,320 GiB (2 * 160 GiB SSD),High,2000,250,FALSE,TRUE,0.584,0
C3 High-CPU Eight Extra Large,c3.8xlarge,60.0,32,1.68,1.68,4,0,None,0,Intel Xeon E5-2680 v2 (Ivy Bridge),2.8,640 GiB (2 * 320 GiB SSD),10 Gigabit,0,0,FALSE,TRUE,1.168,0
C4 High-CPU Double Extra Large,c4.2xlarge,15.0,8,0.398,0.398,1,0,None,0,Intel Xeon E5-2666 v3 (Haswell),2.9,EBS only,High,1000,125,FALSE,TRUE,0.252,0
C4 High-CPU Quadruple Extra Large,c4.4xlarge,30.0,16,0.796,0.796,2,0,None,0,Intel Xeon E5-2666 v3 (Haswell),2.9,EBS only,High,2000,250,FALSE,TRUE,0.504,0
C4 High-CPU Eight Extra Large,c4.8xlarge,60.0,36,1.591,1.591,4,0,None,0,Intel Xeon E5-2666 v3 (Haswell),2.9,EBS only,10 Gigabit,4000,500,FALSE,TRUE,1.008,0
C5 High-CPU 12xlarge,c5.12xlarge,96.0,48,2.04,2.04,7.28,0,None,0,Intel Xeon Platinum 8275L,3,EBS only,12 Gigabit,7000,875,TRUE,TRUE,1.285,0
C5 High-CPU 18xlarge,c5.18xlarge,144.0,72,3.06,3.06,10.92,0,None,0,Intel Xeon Platinum 8124M,3,EBS only,25 Gigabit,14000,1750,TRUE,TRUE,1.928,0
C5 High-CPU 24xlarge,c5.24xlarge,192.0,96,4.08,4.08,14.56,0,None,0,Intel Xeon Platinum 8275L,3,EBS only,25 Gigabit,14000,1750,TRUE,TRUE,2.57,0
C5 High-CPU Double Extra Large,c5.2xlarge,16.0,8,0.34,0.34,1.21,0,None,0,Intel Xeon Platinum 8124M,3,EBS only,Up to 10 Gigabit,3500,437.5,TRUE,TRUE,0.214,0
C5 High-CPU Quadruple Extra Large,c5.4xlarge,32.0,16,0.68,0.68,2.43,0,None,0,Intel Xeon Platinum 8124M,3,EBS only,Up to 10 Gigabit,3500,437.5,TRUE,TRUE,0.428,0
C5 High-CPU 9xlarge,c5.9xlarge,72.0,36,1.53,1.53,5.46,0,None,0,Intel Xeon Platinum 8124M,3,EBS only,10 Gigabit,7000,875,TRUE,TRUE,0.964,0
C5 High-CPU Extra Large,c5.xlarge,8.0,4,0.17,0.17,0.61,0,None,0,Intel Xeon Platinum 8124M,3,EBS only,Up to 10 Gigabit,3500,437.5,TRUE,TRUE,0.107,0
C5 High-CPU 12xlarge,c5d.12xlarge,96.0,48,2.304,2.304,7.31,0,None,0,Intel Xeon Platinum 8275L,3,1800 GiB (2 * 900 GiB NVMe SSD),12 Gigabit,7000,875,TRUE,TRUE,1.453,0
C5 High-CPU 18xlarge,c5d.18xlarge,144.0,72,3.456,3.456,10.96,0,None,0,Intel Xeon Platinum 8124M,3,1800 GiB (2 * 900 GiB NVMe SSD),25 Gigabit,14000,1750,TRUE,TRUE,2.18,0
C5 High-CPU 24xlarge,c5d.24xlarge,192.0,96,4.608,4.608,14.61,0,None,0,Intel Xeon Platinum 8275L,3,3600 GiB (4 * 900 GiB NVMe SSD),25 Gigabit,14000,1750,TRUE,TRUE,2.906,0
C5 High-CPU Double Extra Large,c5d.2xlarge,16.0,8,0.384,0.384,1.37,0,None,0,Intel Xeon Platinum 8124M,3,200 GiB NVMe SSD,Up to 10 Gigabit,3500,437.5,TRUE,TRUE,0.242,0
C5 High-CPU Quadruple Extra Large,c5d.4xlarge,32.0,16,0.768,0.768,2.74,0,None,0,Intel Xeon Platinum 8124M,3,400 GiB NVMe SSD,Up to 10 Gigabit,3500,437.5,TRUE,TRUE,0.484,0
C5 High-CPU 9xlarge,c5d.9xlarge,72.0,36,1.728,1.728,5.48,0,None,0,Intel Xeon Platinum 8124M,3,900 GiB NVMe SSD,10 Gigabit,7000,875,TRUE,TRUE,1.09,0
C5 High-CPU Extra Large,c5d.xlarge,8.0,4,0.192,0.192,0.69,0,None,0,Intel Xeon Platinum 8124M,3,100 GiB NVMe SSD,Up to 10 Gigabit,3500,437.5,TRUE,TRUE,0.121,0
G4DN 12xlarge,g4dn.12xlarge,192.0,48,3.912,3.912,8.56,4,NVIDIA T4 Tensor Core,64,Intel Xeon Family,0,900 GiB NVMe SSD,50 Gigabit,7000,875,TRUE,FALSE,2.465,0
G4DN 16xlarge,g4dn.16xlarge,256.0,64,4.352,4.352,11.41,1,NVIDIA T4 Tensor Core,16,Intel Xeon Family,0,900 GiB NVMe SSD,50 Gigabit,7000,875,TRUE,FALSE,2.742,0
G4DN Double Extra Large,g4dn.2xlarge,32.0,8,0.752,0.752,1.43,1,NVIDIA T4 Tensor Core,16,Intel Xeon Family,0,225 GiB NVMe SSD,Up to 25 Gigabit,3500,437.5,TRUE,FALSE,0.474,0
G4DN Quadruple Extra Large,g4dn.4xlarge,64.0,16,1.204,1.204,2.85,1,NVIDIA T4 Tensor Core,16,Intel Xeon Family,0,225 GiB NVMe SSD,Up to 25 Gigabit,3500,437.5,TRUE,FALSE,0.759,0
G4DN Eight Extra Large,g4dn.8xlarge,128.0,32,2.176,2.176,5.7,1,NVIDIA T4 Tensor Core,16,Intel Xeon Family,0,900 GiB NVMe SSD,50 Gigabit,7000,875,TRUE,FALSE,1.371,0
G4DN Extra Large,g4dn.xlarge,16.0,4,0.526,0.526,0.71,1,NVIDIA T4 Tensor Core,16,Intel Xeon Family,0,125 GiB NVMe SSD,Up to 25 Gigabit,3500,437.5,TRUE,FALSE,0.331,0
I2 Double Extra Large,i2.2xlarge,61.0,8,1.705,1.705,3,0,None,0,Intel Xeon E5-2670 v2 (Ivy Bridge),2.5,1600 GiB (2 * 800 GiB SSD),High,1000,125,FALSE,TRUE,0.848,0.05
I2 Quadruple Extra Large,i2.4xlarge,122.0,16,3.41,3.41,6,0,None,0,Intel Xeon E5-2670 v2 (Ivy Bridge),2.5,3200 GiB (4 * 800 GiB SSD),High,2000,250,FALSE,TRUE,1.696,0.1
I2 Eight Extra Large,i2.8xlarge,244.0,32,6.82,6.82,12,0,None,0,Intel Xeon E5-2670 v2 (Ivy Bridge),2.5,6400 GiB (8 * 800 GiB SSD),10 Gigabit,0,0,FALSE,TRUE,3.392,0
I2 Extra Large,i2.xlarge,30.5,4,0.853,0.853,1.5,0,None,0,Intel Xeon E5-2670 v2 (Ivy Bridge),2.5,800 GiB SSD,Moderate,500,62.5,FALSE,TRUE,0.424,0.02
I3 High I/O 16xlarge,i3.16xlarge,488.0,64,4.992,4.992,16,0,None,0,Intel Xeon E5-2686 v4 (Broadwell),2.3,15200 GiB (8 * 1900 GiB NVMe SSD),20 Gigabit,14000,1750,FALSE,TRUE,3.427,0
I3 High I/O Double Extra Large,i3.2xlarge,61.0,8,0.624,0.624,2,0,None,0,Intel Xeon E5-2686 v4 (Broadwell),2.3,1900 GiB NVMe SSD,Up to 10 Gigabit,1700,212.5,FALSE,TRUE,0.428,0
I3 High I/O Quadruple Extra Large,i3.4xlarge,122.0,16,1.248,1.248,4,0,None,0,Intel Xeon E5-2686 v4 (Broadwell),2.3,3800 GiB (2 * 1900 GiB NVMe SSD),Up to 10 Gigabit,3500,437.5,FALSE,TRUE,0.857,0
I3 High I/O Eight Extra Large,i3.8xlarge,244.0,32,2.496,2.496,8,0,None,0,Intel Xeon E5-2686 v4 (Broadwell),2.3,7600 GiB (4 * 1900 GiB NVMe SSD),10 Gigabit,7000,875,FALSE,TRUE,1.714,0
I3 High I/O Large,i3.large,15.3,2,0.156,0.156,0.75,0,None,0,Intel Xeon E5-2686 v4 (Broadwell),2.3,475 GiB NVMe SSD,Up to 10 Gigabit,425,53.13,FALSE,TRUE,0.107,0
I3 High I/O Extra Large,i3.xlarge,30.5,4,0.312,0.312,1,0,None,0,Intel Xeon E5-2686 v4 (Broadwell),2.3,950 GiB NVMe SSD,Up to 10 Gigabit,850,106.25,FALSE,TRUE,0.214,0
I3EN 12xlarge,i3en.12xlarge,384.0,48,5.424,5.424,17.4,0,None,0,Intel Xeon Platinum 8175,3.1,30000 GiB (4 * 7500 GiB NVMe SSD),50 Gigabit,7000,875,TRUE,TRUE,3.694,0
I3EN 24xlarge,i3en.24xlarge,768.0,96,10.848,10.848,34.8,0,None,0,Intel Xeon Platinum 8175,3.1,60000 GiB (8 * 7500 GiB NVMe SSD),100 Gigabit,14000,1750,TRUE,TRUE,7.388,0
I3EN Double Extra Large,i3en.2xlarge,64.0,8,0.904,0.904,2.9,0,None,0,Intel Xeon Platinum 8175,3.1,5000 GiB (2 * 2500 GiB NVMe SSD),Up to 25 Gigabit,3500,437.5,TRUE,TRUE,0.616,0
I3EN 3xlarge,i3en.3xlarge,96.0,12,1.356,1.356,4.35,0,None,0,Intel Xeon Platinum 8175,3.1,7500 GiB NVMe SSD,Up to 25 Gigabit,3500,437.5,TRUE,TRUE,0.924,0
I3EN 6xlarge,i3en.6xlarge,192.0,24,2.712,2.712,8.7,0,None,0,Intel Xeon Platinum 8175,3.1,15000 GiB (2 * 7500 GiB NVMe SSD),25 Gigabit,3500,437.5,TRUE,TRUE,1.847,0
I3EN Large,i3en.large,16.0,2,0.226,0.226,0.75,0,None,0,Intel Xeon Platinum 8175,3.1,1250 GiB NVMe SSD,Up to 25 Gigabit,3500,437.5,TRUE,TRUE,0.154,0
I3EN Extra Large,i3en.xlarge,32.0,4,0.452,0.452,1.45,0,None,0,Intel Xeon Platinum 8175,3.1,2500 GiB NVMe SSD,Up to 25 Gigabit,3500,437.5,TRUE,TRUE,0.308,0
M4 General Purpose Deca Extra Large,m4.10xlarge,160.0,40,2,2,8,0,None,0,Intel Xeon E5-2676 v3 (Haswell),2.4,EBS only,10 Gigabit,4000,500,FALSE,TRUE,1.239,0
M4 General Purpose 16xlarge,m4.16xlarge,256.0,64,3.2,3.2,12,0,None,0,Intel Xeon E5-2686 v4 (Broadwell),2.3,EBS only,20 Gigabit,10000,1250,FALSE,TRUE,1.9824,0
M4 General Purpose Double Extra Large,m4.2xlarge,32.0,8,0.4,0.4,1.5,0,None,0,Intel Xeon E5-2676 v3 (Haswell),2.4,EBS only,High,1000,125,FALSE,TRUE,0.2478,0
M4 General Purpose Quadruple Extra Large,m4.4xlarge,64.0,16,0.8,0.8,3,0,None,0,Intel Xeon E5-2676 v3 (Haswell),2.4,EBS only,High,2000,250,FALSE,TRUE,0.4956,0
M4 General Purpose Large,m4.large,8.0,2,0.1,0.1,0.4,0,None,0,Intel Xeon E5-2676 v3 (Haswell),2.4,EBS only,Moderate,450,56.25,FALSE,TRUE,0.062,0
M4 General Purpose Extra Large,m4.xlarge,16.0,4,0.2,0.2,0.75,0,None,0,Intel Xeon E5-2676 v3 (Haswell),2.4,EBS only,High,750,93.75,FALSE,TRUE,0.1239,0
M5 General Purpose 12xlarge,m5.12xlarge,192.0,48,2.304,2.304,8.23,0,None,0,Intel Xeon Platinum 8175,2.5,EBS only,10 Gigabit,7000,875,TRUE,TRUE,1.452,0
M5 General Purpose 16xlarge,m5.16xlarge,256.0,64,3.072,3.072,10.96,0,None,0,Intel Xeon Platinum 8175,2.5,EBS only,20 Gigabit,10000,1250,TRUE,TRUE,1.935,0
M5 General Purpose 24xlarge,m5.24xlarge,384.0,96,4.608,4.608,16.46,0,None,0,Intel Xeon Platinum 8175,2.5,EBS only,25 Gigabit,14000,1750,TRUE,TRUE,2.903,0
M5 General Purpose Double Extra Large,m5.2xlarge,32.0,8,0.384,0.384,1.37,0,None,0,Intel Xeon Platinum 8175,2.5,EBS only,Up to 10 Gigabit,3500,437.5,TRUE,TRUE,0.245,0
M5 General Purpose Quadruple Extra Large,m5.4xlarge,64.0,16,0.768,0.768,2.74,0,None,0,Intel Xeon Platinum 8175,2.5,EBS only,Up to 10 Gigabit,3500,437.5,TRUE,TRUE,0.484,0
M5 General Purpose Eight Extra Large,m5.8xlarge,128.0,32,1.536,1.536,5.48,0,None,0,Intel Xeon Platinum 8175,2.5,EBS only,10 Gigabit,5000,625,TRUE,TRUE,0.968,0
M5 General Purpose Large,m5.large,8.0,2,0.096,0.096,0.35,0,None,0,Intel Xeon Platinum 8175,2.5,EBS only,Up to 10 Gigabit,3500,437.5,TRUE,TRUE,0.061,0
M5 General Purpose Extra Large,m5.xlarge,16.0,4,0.192,0.192,0.69,0,None,0,Intel Xeon Platinum 8175,2.5,EBS only,Up to 10 Gigabit,3500,437.5,TRUE,TRUE,0.123,0
M5A 12xlarge,m5a.12xlarge,192.0,48,2.064,2.064,7.37,0,None,0,AMD EPYC 7571,2.5,EBS only,10 Gigabit,5000,625,TRUE,TRUE,1.313,0
M5A 16xlarge,m5a.16xlarge,256.0,64,2.752,2.752,9.83,0,None,0,AMD EPYC 7571,2.5,EBS only,12 Gigabit,7000,875,TRUE,TRUE,1.734,0
M5A Double Extra Large,m5a.2xlarge,32.0,8,0.344,0.344,1.23,0,None,0,AMD EPYC 7571,2.5,EBS only,Up to 10 Gigabit,2120,265,TRUE,TRUE,0.219,0
M5A Quadruple Extra Large,m5a.4xlarge,64.0,16,0.688,0.688,2.46,0,None,0,AMD EPYC 7571,2.5,EBS only,Up to 10 Gigabit,2120,265,TRUE,TRUE,0.438,0
M5A Eight Extra Large,m5a.8xlarge,128.0,32,1.376,1.376,4.91,0,None,0,AMD EPYC 7571,2.5,EBS only,Up to 10 Gigabit,3500,437.5,TRUE,TRUE,0.876,0
M5A Large,m5a.large,8.0,2,0.086,0.086,0.31,0,None,0,AMD EPYC 7571,2.5,EBS only,Up to 10 Gigabit,2120,265,TRUE,TRUE,0.055,0
M5A Extra Large,m5a.xlarge,16.0,4,0.172,0.172,0.61,0,None,0,AMD EPYC 7571,2.5,EBS only,Up to 10 Gigabit,2120,265,TRUE,TRUE,0.109,0
M5 General Purpose 12xlarge,m5d.12xlarge,192.0,48,2.712,2.712,8.23,0,None,0,Intel Xeon Platinum 8175,2.5,1800 GiB (2 * 900 GiB NVMe SSD),10 Gigabit,7000,875,TRUE,TRUE,1.709,0
M5 General Purpose 16xlarge,m5d.16xlarge,256.0,64,3.616,3.616,10.96,0,None,0,Intel Xeon Platinum 8175,2.5,2400 GiB (4 * 600 GiB NVMe SSD),20 Gigabit,10000,1250,TRUE,TRUE,2.278,0
M5 General Purpose 24xlarge,m5d.24xlarge,384.0,96,5.424,5.424,16.46,0,None,0,Intel Xeon Platinum 8175,2.5,3600 GiB (4 * 900 GiB NVMe SSD),25 Gigabit,14000,1750,TRUE,TRUE,3.417,0
M5 General Purpose Double Extra Large,m5d.2xlarge,32.0,8,0.452,0.452,1.37,0,None,0,Intel Xeon Platinum 8175,2.5,300 GiB NVMe SSD,Up to 10 Gigabit,3500,437.5,TRUE,TRUE,0.288,0
M5 General Purpose Quadruple Extra Large,m5d.4xlarge,64.0,16,0.904,0.904,2.74,0,None,0,Intel Xeon Platinum 8175,2.5,600 GiB (2 * 300 GiB NVMe SSD),Up to 10 Gigabit,3500,437.5,TRUE,TRUE,0.576,0
M5 General Purpose Eight Extra Large,m5d.8xlarge,128.0,32,1.808,1.808,5.48,0,None,0,Intel Xeon Platinum 8175,2.5,1200 GiB (2 * 600 GiB NVMe SSD),10 Gigabit,5000,625,TRUE,TRUE,1.139,0
M5 General Purpose Large,m5d.large,8.0,2,0.113,0.113,0.34,0,None,0,Intel Xeon Platinum 8175,2.5,75 GiB NVMe SSD,Up to 10 Gigabit,3500,437.5,TRUE,TRUE,0.072,0
M5 General Purpose Extra Large,m5d.xlarge,16.0,4,0.226,0.226,0.69,0,None,0,Intel Xeon Platinum 8175,2.5,150 GiB NVMe SSD,Up to 10 Gigabit,3500,437.5,TRUE,TRUE,0.144,0
General Purpose GPU 16xlarge,p2.16xlarge,732.0,64,14.4,14.4,19.52,16,NVIDIA Tesla K80,192,Intel Xeon E5-2686 v4 (Broadwell),2.3,EBS only,20 Gigabit,10000,1250,FALSE,TRUE,9.828,0
General Purpose GPU Eight Extra Large,p2.8xlarge,488.0,32,7.2,7.2,9.76,8,NVIDIA Tesla K80,96,Intel Xeon E5-2686 v4 (Broadwell),2.3,EBS only,10 Gigabit,5000,625,FALSE,TRUE,4.914,0
General Purpose GPU Extra Large,p2.xlarge,61.0,4,0.9,0.9,1.22,1,NVIDIA Tesla K80,12,Intel Xeon E5-2686 v4 (Broadwell),2.3,EBS only,High,750,93.75,FALSE,TRUE,0.614,0
P3 16xlarge,p3.16xlarge,488.0,64,24.48,24.48,33.2,8,NVIDIA Tesla V100,128,Intel Xeon E5-2686 v4 (Broadwell),2.3,EBS only,25 Gigabit,14000,1750,FALSE,TRUE,16.708,0
P3 Double Extra Large,p3.2xlarge,61.0,8,3.06,3.06,4.15,1,NVIDIA Tesla V100,16,Intel Xeon E5-2686 v4 (Broadwell),2.3,EBS only,Up to 10 Gigabit,1750,218,FALSE,TRUE,2.088,0
P3 Eight Extra Large,p3.8xlarge,244.0,32,12.24,12.24,16.6,4,NVIDIA Tesla V100,64,Intel Xeon E5-2686 v4 (Broadwell),2.3,EBS only,10 Gigabit,7000,875,FALSE,TRUE,8.354,0
R3 High-Memory Double Extra Large,r3.2xlarge,61.0,8,0.665,0.665,2,0,None,0,Intel Xeon E5-2670 v2 (Ivy Bridge),2.5,160 GiB SSD,High,1000,125,FALSE,TRUE,0.418,0
R3 High-Memory Quadruple Extra Large,r3.4xlarge,122.0,16,1.33,1.33,4,0,None,0,Intel Xeon E5-2670 v2 (Ivy Bridge),2.5,320 GiB SSD,High,2000,250,FALSE,TRUE,0.836,0
R3 High-Memory Eight Extra Large,r3.8xlarge,244.0,32,2.66,2.66,8,0,None,0,Intel Xeon E5-2670 v2 (Ivy Bridge),2.5,640 GiB (2 * 320 GiB SSD),10 Gigabit,0,0,FALSE,TRUE,1.672,0
R3 High-Memory Extra Large,r3.xlarge,30.5,4,0.333,0.333,1,0,None,0,Intel Xeon E5-2670 v2 (Ivy Bridge),2.5,80 GiB SSD,Moderate,500,62.5,FALSE,TRUE,0.209,0
R4 High-Memory 16xlarge,r4.16xlarge,488.0,64,4.256,4.256,16,0,None,0,Intel Xeon E5-2686 v4 (Broadwell),2.3,EBS only,20 Gigabit,14000,1750,FALSE,TRUE,2.688,0
R4 High-Memory Double Extra Large,r4.2xlarge,61.0,8,0.532,0.532,2,0,None,0,Intel Xeon E5-2686 v4 (Broadwell),2.3,EBS only,Up to 10 Gigabit,1700,212.5,FALSE,TRUE,0.336,0
R4 High-Memory Quadruple Extra Large,r4.4xlarge,122.0,16,1.064,1.064,4,0,None,0,Intel Xeon E5-2686 v4 (Broadwell),2.3,EBS only,Up to 10 Gigabit,3500,437.5,FALSE,TRUE,0.672,0
R4 High-Memory Eight Extra Large,r4.8xlarge,244.0,32,2.128,2.128,8,0,None,0,Intel Xeon E5-2686 v4 (Broadwell),2.3,EBS only,10 Gigabit,7000,875,FALSE,TRUE,1.344,0
R4 High-Memory Extra Large,r4.xlarge,30.5,4,0.266,0.266,1,0,None,0,Intel Xeon E5-2686 v4 (Broadwell),2.3,EBS only,Up to 10 Gigabit,850,106.25,FALSE,TRUE,0.168,0
R5 12xlarge,r5.12xlarge,384.0,48,3.024,3.024,10.8,0,None,0,Intel Xeon Platinum 8175,0,EBS only,10 Gigabit,7000,875,TRUE,FALSE,1.905,0
R5 16xlarge,r5.16xlarge,512.0,64,4.032,4.032,14.4,0,None,0,Intel Xeon Platinum 8175,0,EBS only,20 Gigabit,10000,1250,TRUE,FALSE,2.54,0
R5 24xlarge,r5.24xlarge,768.0,96,6.048,6.048,21.6,0,None,0,Intel Xeon Platinum 8175,0,EBS only,25 Gigabit,14000,1750,TRUE,FALSE,3.81,0
R5 Double Extra Large,r5.2xlarge,64.0,8,0.504,0.504,1.8,0,None,0,Intel Xeon Platinum 8175,0,EBS only,10 Gigabit,3500,437.5,TRUE,FALSE,0.318,0
R5 Quadruple Extra Large,r5.4xlarge,128.0,16,1.008,1.008,3.6,0,None,0,Intel Xeon Platinum 8175,0,EBS only,10 Gigabit,3500,437.5,TRUE,FALSE,0.635,0
R5 Eight Extra Large,r5.8xlarge,256.0,32,2.016,2.016,7.2,0,None,0,Intel Xeon Platinum 8175,0,EBS only,10 Gigabit,5000,625,TRUE,FALSE,1.27,0
R5 Large,r5.large,16.0,2,0.126,0.126,0.45,0,None,0,Intel Xeon Platinum 8175,3.1,EBS only,10 Gigabit,3500,437.5,TRUE,FALSE,0.079,0
R5 Extra Large,r5.xlarge,32.0,4,0.252,0.252,0.9,0,None,0,Intel Xeon Platinum 8175,0,EBS only,10 Gigabit,3500,437.5,TRUE,FALSE,0.159,0
R5A 12xlarge,r5a.12xlarge,384.0,48,2.712,2.712,9.69,0,None,0,AMD EPYC 7571,2.5,EBS only,10 Gigabit,5000,625,TRUE,TRUE,1.709,0
R5A 16xlarge,r5a.16xlarge,512.0,64,3.616,3.616,12.91,0,None,0,AMD EPYC 7571,2.5,EBS only,12 Gigabit,7000,875,TRUE,TRUE,2.278,0
R5A 24xlarge,r5a.24xlarge,768.0,96,5.424,5.424,19.37,0,None,0,AMD EPYC 7571,2.5,EBS only,20 Gigabit,10000,1250,TRUE,TRUE,3.417,0
R5A Double Extra Large,r5a.2xlarge,64.0,8,0.452,0.452,1.61,0,None,0,AMD EPYC 7571,2.5,EBS only,10 Gigabit,2120,265,TRUE,TRUE,0.285,0
R5A Quadruple Extra Large,r5a.4xlarge,128.0,16,0.904,0.904,3.23,0,None,0,AMD EPYC 7571,2.5,EBS only,10 Gigabit,2120,265,TRUE,TRUE,0.57,0
R5A Eight Extra Large,r5a.8xlarge,256.0,32,1.808,1.808,6.46,0,None,0,AMD EPYC 7571,2.5,EBS only,Up to 10 Gigabit,3500,437.5,TRUE,TRUE,1.141,0
R5A Large,r5a.large,16.0,2,0.113,0.113,0.41,0,None,0,AMD EPYC 7571,2.5,EBS only,10 Gigabit,2120,265,TRUE,TRUE,0.071,0
R5A Extra Large,r5a.xlarge,32.0,4,0.226,0.226,0.81,0,None,0,AMD EPYC 7571,2.5,EBS only,10 Gigabit,2120,265,TRUE,TRUE,0.143,0
R5D 12xlarge,r5d.12xlarge,384.0,48,3.456,3.456,10.8,0,None,0,Intel Xeon Platinum 8175,0,1800 GiB (2 * 900 GiB NVMe SSD),10 Gigabit,7000,875,TRUE,FALSE,2.177,0
R5D 16xlarge,r5d.16xlarge,512.0,64,4.608,4.608,14.4,0,None,0,Intel Xeon Platinum 8175,0,2400 GiB (4 * 600 GiB NVMe SSD),20 Gigabit,10000,1250,TRUE,FALSE,2.908,0
R5D 24xlarge,r5d.24xlarge,768.0,96,6.912,6.912,21.6,0,None,0,Intel Xeon Platinum 8175,0,3600 GiB (4 * 900 GiB NVMe SSD),25 Gigabit,14000,1750,TRUE,FALSE,4.355,0
R5D Double Extra Large,r5d.2xlarge,64.0,8,0.576,0.576,1.8,0,None,0,Intel Xeon Platinum 8175,0,300 GiB NVMe SSD,10 Gigabit,3500,437.5,TRUE,FALSE,0.364,0
R5D Quadruple Extra Large,r5d.4xlarge,128.0,16,1.152,1.152,3.6,0,None,0,Intel Xeon Platinum 8175,0,600 GiB (2 * 300 GiB NVMe SSD),10 Gigabit,3500,437.5,TRUE,FALSE,0.727,0
R5D Eight Extra Large,r5d.8xlarge,256.0,32,2.304,2.304,7.2,0,None,0,Intel Xeon Platinum 8175,0,1200 GiB (2 * 600 GiB NVMe SSD),10 Gigabit,5000,625,TRUE,FALSE,1.454,0
R5D Large,r5d.large,16.0,2,0.144,0.144,0.45,0,None,0,Intel Xeon Platinum 8175,0,75 GiB NVMe SSD,10 Gigabit,3500,437.5,TRUE,FALSE,0.091,0
R5D Extra Large,r5d.xlarge,32.0,4,0.288,0.288,0.9,0,None,0,Intel Xeon Platinum 8175,0,150 GiB NVMe SSD,10 Gigabit,3500,437.5,TRUE,FALSE,0.182,0
Z1D 12xlarge,z1d.12xlarge,384.0,48,4.464,4.464,15.94,0,None,0,Intel Xeon Platinum 8151,0,1800 GiB (2 * 900 GiB NVMe SSD),25 Gigabit,14000,1750,TRUE,FALSE,2.812,0
Z1D Double Extra Large,z1d.2xlarge,64.0,8,0.744,0.744,2.66,0,None,0,Intel Xeon Platinum 8151,0,300 GiB NVMe SSD,Up to 10 Gigabit,2333,292,TRUE,FALSE,0.47,0
Z1D 3xlarge,z1d.3xlarge,96.0,12,1.116,1.116,3.99,0,None,0,Intel Xeon Platinum 8151,0,450 GiB NVMe SSD,Up to 10 Gigabit,3500,438,TRUE,FALSE,0.705,0
Z1D 6xlarge,z1d.6xlarge,192.0,24,2.232,2.232,7.97,0,None,0,Intel Xeon Platinum 8151,0,900 GiB NVMe SSD,10 Gigabit,7000,875,TRUE,FALSE,1.406,0
Z1D Large,z1d.large,16.0,2,0.186,0.186,0.66,0,None,0,Intel Xeon Platinum 8151,4,75 GiB NVMe SSD,Up to 10 Gigabit,2333,291,TRUE,FALSE,0.118,0
Z1D Extra Large,z1d.xlarge,32.0,4,0.372,0.372,1.33,0,None,0,Intel Xeon Platinum 8151,0,150 GiB NVMe SSD,Up to 10 Gigabit,2333,291,TRUE,FALSE,0.235,0
M5A 24xlarge,m5a.24xlarge,384.0,96,4.128,4.128,14.74,0,None,0,AMD EPYC 7571,2.5,EBS only,20 Gigabit,13570,1696.25,TRUE,TRUE,2.601,0
C5A Extra Large,c5a.xlarge,8.0,4,0.154,0.154,,0,None,0,AMD EPYC 7R32,2.8,EBS only,10 Gigabit,3170,396,TRUE,TRUE,0.097,0
C5A Double Extra Large,c5a.2xlarge,16.0,8,0.308,0.308,,0,None,0,AMD EPYC 7R32,2.8,EBS only,10 Gigabit,3170,396,TRUE,TRUE,0.194,0
C5A Quadruple Extra Large,c5a.4xlarge,32.0,16,0.616,0.616,,0,None,0,AMD EPYC 7R32,2.8,EBS only,10 Gigabit,3170,396,TRUE,TRUE,0.388,0
C5A Eight Extra Large,c5a.8xlarge,64.0,32,1.232,1.232,,0,None,0,AMD EPYC 7R32,2.8,EBS only,10 Gigabit,3170,396,TRUE,TRUE,0.776,0
C5A 12xlarge,c5a.12xlarge,96.0,48,1.848,1.848,,0,None,0,AMD EPYC 7R32,2.8,EBS only,12 Gigabit,4750,594,TRUE,TRUE,1.164,0
C5A 16xlarge,c5a.16xlarge,128.0,64,2.464,2.464,,0,None,0,AMD EPYC 7R32,2.8,EBS only,20 Gigabit,6360,788,TRUE,TRUE,1.552,0
C5A 24xlarge,c5a.24xlarge,192.0,96,3.696,3.696,,0,None,0,AMD EPYC 7R32,2.8,EBS only,20 Gigabit,9500,1188,TRUE,TRUE,2.328,0
C5AD Extra Large,c5ad.xlarge,8.0,4,0.172,0.172,,0,None,0,AMD EPYC 7R32,2.8,150 GiB NVMe SSD,10 Gigabit,3170,396,TRUE,TRUE,0.108,0
C5AD Double Extra Large,c5ad.2xlarge,16.0,8,0.344,0.344,,0,None,0,AMD EPYC 7R32,2.8,300 GiB NVMe SSD,10 Gigabit,3170,396,TRUE,TRUE,0.217,0
C5AD Quadruple Extra Large,c5ad.4xlarge,32.0,16,0.688,0.688,,0,None,0,AMD EPYC 7R32,2.8,600 GiB NVMe SSD,10 Gigabit,3170,396,TRUE,TRUE,0.433,0
C5AD Eight Extra Large,c5ad.8xlarge,64.0,32,1.376,1.376,,0,None,0,AMD EPYC 7R32,2.8,1200 GiB  NVMe SSD,10 Gigabit,3170,396,TRUE,TRUE,0.876,0
C5AD 12xlarge,c5ad.12xlarge,96.0,48,2.064,2.064,,0,None,0,AMD EPYC 7R32,2.8,1800 GiB NVMe SSD,12 Gigabit,4750,594,TRUE,TRUE,1.3,0
C5AD 16xlarge,c5ad.16xlarge,128.0,64,2.752,2.752,,0,None,0,AMD EPYC 7R32,2.8,2400 GiB NVMe SSD,20 Gigabit,6300,788,TRUE,TRUE,1.734,0
C5AD 24xlarge,c5ad.24xlarge,192.0,96,4.128,4.128,,0,None,0,AMD EPYC 7R32,2.8,3800 GiB NVMe SSD,20 Gigabit,9500,1188,TRUE,TRUE,2.601,0
C5N Extra Large,c5n.xlarge,10.5,4,0.216,0.216,,0,None,0,Intel Xeon Platinum 8124M,3,EBS only,25 Gigabit,4750,593.75,TRUE,TRUE,0.136,0
C5N Double Extra Large,c5n.2xlarge,21.0,8,0.432,0.432,,0,None,0,Intel Xeon Platinum 8124M,3,EBS only,25 Gigabit,4750,593.75,TRUE,TRUE,0.272,0
C5N Quadruple Extra Large,c5n.4xlarge,42.0,16,0.864,0.864,,0,None,0,Intel Xeon Platinum 8124M,3,EBS only,25 Gigabit,4750,593.75,TRUE,TRUE,0.544,0
C5N 9xlarge,c5n.9xlarge,96.0,36,1.944,1.944,,0,None,0,Intel Xeon Platinum 8124M,3,EBS only,50 Gigabit,9500,1187.5,TRUE,TRUE,1.225,0
C5N 18xlarge,c5n.18xlarge,192.0,72,3.888,3.888,,0,None,0,Intel Xeon Platinum 8124M,3,EBS only,100 Gigabit,19000,2375,TRUE,TRUE,2.449,0
D3 Extra Large,d3.xlarge,32.0,4,0.4999,0.4999,,0,None,0,Intel Xeon Platinum 8259 (Cascade Lake),3.1,5940 GiB HDD,15 Gigabit,2800,350,TRUE,TRUE,0.315,0
D3 Double Extra Large,d3.2xlarge,64.0,8,0.999,0.999,,0,None,0,Intel Xeon Platinum 8259 (Cascade Lake),3.1,11880 GiB HDD,15 Gigabit,2800,350,TRUE,TRUE,0.629,0
D3 Quadruple Extra Large,d3.4xlarge,128.0,16,1.998,1.998,,0,None,0,Intel Xeon Platinum 8259 (Cascade Lake),3.1,23760 GiB HDD,15 Gigabit,2800,350,TRUE,TRUE,1.259,0
D3EN Extra Large,d3en.xlarge,16.0,4,0.526,0.526,,0,None,0,Intel Xeon Platinum 8259 (Cascade Lake),3.1,27960 GiB HDD,25 Gigabit,2800,350,TRUE,TRUE,0.331,0
D3EN Double Extra Large,d3en.2xlarge,32.0,8,1.051,1.051,,0,None,0,Intel Xeon Platinum 8259 (Cascade Lake),3.1,55920 GiB HDD,25 Gigabit,2800,350,TRUE,TRUE,0.662,0
D3EN Quadruple Extra Large,d3en.4xlarge,64.0,16,2.103,2.103,,0,None,0,Intel Xeon Platinum 8259 (Cascade Lake),3.1,111840 GiB HDD,25 Gigabit,2800,350,TRUE,TRUE,1.325,0
D3EN Quadruple Extra Large,d3en.6xlarge,96.0,24,3.154,3.154,,0,None,0,Intel Xeon Platinum 8259 (Cascade Lake),3.1,167760 GiB HDD,40 Gigabit,-,0,TRUE,TRUE,1.987,0
M5DN Large,m5dn.large,8.0,2,0.136,0.136,,0,None,0,Intel Xeon Platinum 8259 (Cascade Lake),3.1,75 GiB NVMe SSD,25 Gigabit,4750,593.75,TRUE,FALSE,0.086,0
M5DN Extra Large,m5dn.xlarge,16.0,4,0.272,0.272,,0,None,0,Intel Xeon Platinum 8259 (Cascade Lake),3.1,150 GiB NVMe SSD,25 Gigabit,4750,593.75,TRUE,FALSE,0.171,0
M5DN Double Extra Large,m5dn.2xlarge,32.0,8,0.544,0.544,,0,None,0,Intel Xeon Platinum 8259 (Cascade Lake),3.1,300 GiB NVMe SSD,25 Gigabit,4750,593.75,TRUE,FALSE,0.343,0
M5DN Quadruple Extra Large,m5dn.4xlarge,64.0,16,1.088,1.088,,0,None,0,Intel Xeon Platinum 8259 (Cascade Lake),3.1,600 GiB NVMe SSD,25 Gigabit,4750,593.75,TRUE,FALSE,0.685,0
M5DN Eight Extra Large,m5dn.8xlarge,128.0,32,2.176,2.176,,0,None,0,Intel Xeon Platinum 8259 (Cascade Lake),3.1,1200 GiB NVMe SSD,25 Gigabit,6800,850,TRUE,FALSE,1.371,0
M5DN Eight Extra Large,m5dn.12xlarge,192.0,48,3.264,3.264,,0,None,0,Intel Xeon Platinum 8259 (Cascade Lake),3.1,1800 GiB NVMe SSD,50 Gigabit,9500,1187.5,TRUE,FALSE,2.056,0
M5DN 12xlarge,m5dn.16xlarge,256.0,64,4.352,4.352,,0,None,0,Intel Xeon Platinum 8259 (Cascade Lake),3.1,2400 GiB NVMe SSD,75 Gigabit,13600,1700,TRUE,FALSE,2.742,0
M5DN 24xlarge,m5dn.24xlarge,384.0,96,6.528,6.528,,0,None,0,Intel Xeon Platinum 8259 (Cascade Lake),3.1,3600 GiB NVMe SSD,100 Gigabit,19000,2375,TRUE,FALSE,4.113,0
M5N Large,m5n.large,8.0,2,0.119,0.119,,0,None,0,Intel Xeon Platinum 8259 (Cascade Lake),3.1,EBS only,25 Gigabit,4750,593.75,TRUE,FALSE,0.075,0
M5N Extra Large,m5n.xlarge,16.0,4,0.238,0.238,,0,None,0,Intel Xeon Platinum 8259 (Cascade Lake),3.1,EBS only,25 Gigabit,4750,593.75,TRUE,FALSE,0.15,0
M5N Double Extra Large,m5n.2xlarge,32.0,8,0.476,0.476,,0,None,0,Intel Xeon Platinum 8259 (Cascade Lake),3.1,EBS only,25 Gigabit,4750,593.75,TRUE,FALSE,0.3,0
M5N Quadruple Extra Large,m5n.4xlarge,64.0,16,0.952,0.952,,0,None,0,Intel Xeon Platinum 8259 (Cascade Lake),3.1,EBS only,25 Gigabit,4750,593.75,TRUE,FALSE,0.6,0
M5N Eight Extra Large,m5n.8xlarge,128.0,32,1.904,1.904,,0,None,0,Intel Xeon Platinum 8259 (Cascade Lake),3.1,EBS only,25 Gigabit,6800,850,TRUE,FALSE,1.2,0
M5N 12xlarge,m5n.12xlarge,192.0,48,2.856,2.856,,0,None,0,Intel Xeon Platinum 8259 (Cascade Lake),3.1,EBS only,50 Gigabit,9500,1187.5,TRUE,FALSE,1.799,0
M5N 16xlarge,m5n.16xlarge,256.0,64,3.808,3.808,,0,None,0,Intel Xeon Platinum 8259 (Cascade Lake),3.1,EBS only,75 Gigabit,13600,1700,TRUE,FALSE,2.399,0
M5N 24xlarge,m5n.24xlarge,384.0,96,5.712,5.712,,0,None,0,Intel Xeon Platinum 8259 (Cascade Lake),3.1,EBS only,100 Gigabit,19000,2375,TRUE,FALSE,3.599,0
M5ZN Large,m5zn.large,8.0,2,0.165,0.165,,0,None,0,Intel Xeon Platinum 8252,4.5,EBS only,25 Gigabit,3170,396.25,TRUE,TRUE,0.104,0
M5ZN Extra Large,m5zn.xlarge,16.0,4,0.33,0.33,,0,None,0,Intel Xeon Platinum 8252,4.5,EBS only,25 Gigabit,3170,396.25,TRUE,TRUE,0.208,0
M5ZN Double Extra Large,m5zn.2xlarge,32.0,8,0.66,0.66,,0,None,0,Intel Xeon Platinum 8252,4.5,EBS only,25 Gigabit,3170,396.25,TRUE,TRUE,0.416,0
M5ZN 3xlarge,m5zn.3xlarge,48.0,12,0.991,0.991,,0,None,0,Intel Xeon Platinum 8252,4.5,EBS only,25 Gigabit,4750,593.75,TRUE,TRUE,0.624,0
M5ZN 6xlarge,m5zn.6xlarge,96.0,24,1.982,1.982,,0,None,0,Intel Xeon Platinum 8252,4.5,EBS only,50 Gigabit,9500,1187.5,TRUE,TRUE,1.248,0
M5ZN 12xlarge,m5zn.12xlarge,192.0,48,3.964,3.964,,0,None,0,Intel Xeon Platinum 8252,4.5,EBS only,100 Gigabit,19000,2375,TRUE,TRUE,2.497,0
P3DN 24xlarge,p3dn.24xlarge,768.0,96,31.212,31.212,,8,NVIDIA Tesla V100,256,Intel Xeon Platinum 8175 (Skylake),2.5,1800 GiB NVMe SSD,100 Gigabit,19000,2375,TRUE,TRUE,19.215,0
R5DN Large,r5dn.large,16.0,2,0.167,0.167,,0,None,0,Intel Xeon Platinum 8259 (Cascade Lake),3.1,75 GiB NVMe SSD,25 Gigabit,4750,593.75,TRUE,FALSE,0.105,0
R5DN Extra Large,r5dn.xlarge,32.0,4,0.334,0.334,,0,None,0,Intel Xeon Platinum 8259 (Cascade Lake),3.1,150 GiB NVMe SSD,25 Gigabit,4750,593.75,TRUE,FALSE,0.21,0
R5DN Double Extra Large,r5dn.2xlarge,64.0,8,0.668,0.668,,0,None,0,Intel Xeon Platinum 8259 (Cascade Lake),3.1,300 GiB NVMe SSD,25 Gigabit,4750,593.75,TRUE,FALSE,0.421,0
R5DN Quadruple Extra Large,r5dn.4xlarge,128.0,16,1.336,1.336,,0,None,0,Intel Xeon Platinum 8259 (Cascade Lake),3.1,600 GiB NVMe SSD,25 Gigabit,4750,593.75,TRUE,FALSE,0.842,0
R5DN Eight Extra Large,r5dn.8xlarge,256.0,32,2.672,2.672,,0,None,0,Intel Xeon Platinum 8259 (Cascade Lake),3.1,1200 GiB NVMe SSD,25 Gigabit,6800,850,TRUE,FALSE,1.683,0
R5DN 12xlarge,r5dn.12xlarge,384.0,48,4.008,4.008,,0,None,0,Intel Xeon Platinum 8259 (Cascade Lake),3.1,1800 GiB NVMe SSD,50 Gigabit,9500,1187.5,TRUE,FALSE,2.525,0
R5DN 16xlarge,r5dn.16xlarge,512.0,64,5.344,5.344,,0,None,0,Intel Xeon Platinum 8259 (Cascade Lake),3.1,2400 GiB NVMe SSD,75 Gigabit,13600,1700,TRUE,FALSE,3.367,0
R5DN 24xlarge,r5dn.24xlarge,768.0,96,8.016,8.016,,0,None,0,Intel Xeon Platinum 8259 (Cascade Lake),3.1,3600 GiB NVMe SSD,100 Gigabit,19000,2375,TRUE,FALSE,5.05,0
R5N Large,r5n.large,16.0,2,0.149,0.149,,0,None,0,Intel Xeon Platinum 8259 (Cascade Lake),2.5,EBS only,25 Gigabit,4750,593.75,TRUE,FALSE,0.094,0
R5N Extra Large,r5n.xlarge,32.0,4,0.298,0.298,,0,None,0,Intel Xeon Platinum 8259 (Cascade Lake),2.5,EBS only,25 Gigabit,4750,593.75,TRUE,FALSE,0.188,0
R5N Double Extra Large,r5n.2xlarge,64.0,8,0.596,0.596,,0,None,0,Intel Xeon Platinum 8259 (Cascade Lake),2.5,EBS only,25 Gigabit,4750,593.75,TRUE,FALSE,0.375,0
R5N Quadruple Extra Large,r5n.4xlarge,128.0,16,1.192,1.192,,0,None,0,Intel Xeon Platinum 8259 (Cascade Lake),2.5,EBS only,25 Gigabit,4750,593.75,TRUE,FALSE,0.751,0
R5N Eight Extra Large,r5n.8xlarge,256.0,32,2.384,2.384,,0,None,0,Intel Xeon Platinum 8259 (Cascade Lake),2.5,EBS only,25 Gigabit,6800,850,TRUE,FALSE,1.502,0
R5N 12xlarge,r5n.12xlarge,384.0,48,3.576,3.576,,0,None,0,Intel Xeon Platinum 8259 (Cascade Lake),2.5,EBS only,50 Gigabit,9800,1187.5,TRUE,FALSE,2.253,0
R5N 16xlarge,r5n.16xlarge,512.0,64,4.768,4.768,,0,None,0,Intel Xeon Platinum 8259 (Cascade Lake),2.5,EBS only,75 Gigabit,13600,1700,TRUE,FALSE,3.004,0
R5N 24xlarge,r5n.24xlarge,768.0,96,7.152,7.152,,0,None,0,Intel Xeon Platinum 8259 (Cascade Lake),2.5,EBS only,100 Gigabit,19000,2375,TRUE,FALSE,4.506,0
